OBX,Siste
16.08.19,761.87
15.08.19,754.19
14.08.19,757.43
13.08.19,775.83
12.08.19,767.71
09.08.19,770.63
08.08.19,775.68
07.08.19,763.64
06.08.19,771.09
05.08.19,768.11
02.08.19,785.75
01.08.19,795.47
31.07.19,791.90
30.07.19,785.12
29.07.19,797.28
26.07.19,800.34
25.07.19,796.68
24.07.19,805.38
23.07.19,808.96
22.07.19,799.19
19.07.19,797.98
18.07.19,795.67
17.07.19,800.34
16.07.19,806.77
15.07.19,814.19
12.07.19,815.05
11.07.19,816.30
10.07.19,814.76
09.07.19,815.66
08.07.19,823.87
05.07.19,818.14
04.07.19,820.53
03.07.19,812.19
02.07.19,810.10
01.07.19,811.20
28.06.19,798.18
27.06.19,798.78
26.06.19,796.82
25.06.19,797.16
24.06.19,804.65
21.06.19,806.28
20.06.19,804.06
19.06.19,799.32
18.06.19,802.03
17.06.19,792.41
14.06.19,798.20
13.06.19,794.50
12.06.19,794.47
11.06.19,808.55
07.06.19,803.05
06.06.19,795.90
05.06.19,793.53
04.06.19,793.17
03.06.19,796.36
31.05.19,784.31
29.05.19,785.29
28.05.19,804.50
27.05.19,808.11
24.05.19,807.20
23.05.19,800.43
22.05.19,819.21
21.05.19,820.93
20.05.19,817.86
16.05.19,814.62
15.05.19,797.65
14.05.19,796.55
13.05.19,793.49
10.05.19,801.30
09.05.19,789.53
08.05.19,802.37
07.05.19,801.05
06.05.19,804.80
03.05.19,811.13
02.05.19,808.69
30.04.19,812.14
29.04.19,814.68
26.04.19,814.26
25.04.19,814.68
24.04.19,821.14
23.04.19,822.62
17.04.19,818.41
16.04.19,816.59
15.04.19,817.26
12.04.19,812.44
11.04.19,811.87
10.04.19,812.39
09.04.19,809.01
08.04.19,818.27
05.04.19,812.13
04.04.19,807.94
03.04.19,813.16
02.04.19,808.63
01.04.19,803.06
29.03.19,793.33
28.03.19,798.35
27.03.19,798.94
26.03.19,799.82
25.03.19,798.63
22.03.19,806.13
21.03.19,820.55
20.03.19,817.75
19.03.19,821.67
18.03.19,818.21
15.03.19,813.25
14.03.19,815.15
13.03.19,806.75
12.03.19,798.81
11.03.19,796.63
08.03.19,797.39
07.03.19,802.09
06.03.19,807.07
05.03.19,803.40
04.03.19,802.91
01.03.19,799.84
28.02.19,798.85
27.02.19,803.80
26.02.19,806.88
25.02.19,807.48
22.02.19,805.03
21.02.19,800.78
20.02.19,797.29
19.02.19,799.45
18.02.19,800.96
15.02.19,800.39
14.02.19,788.86
13.02.19,795.17
12.02.19,784.03
11.02.19,774.23
08.02.19,769.50
07.02.19,784.65
06.02.19,786.44
05.02.19,791.98
04.02.19,777.86
01.02.19,776.12
31.01.19,774.88
30.01.19,774.76
29.01.19,775.62
28.01.19,768.23
25.01.19,777.79
24.01.19,780.81
23.01.19,782.68
22.01.19,786.87
21.01.19,794.77
18.01.19,793.40
17.01.19,779.78
16.01.19,779.98
15.01.19,778.83
14.01.19,775.90
11.01.19,778.87
10.01.19,779.69
09.01.19,781.46
08.01.19,773.42
07.01.19,768.71
04.01.19,769.48
03.01.19,748.82
02.01.19,742.03
28.12.18,739.42
27.12.18,726.33
21.12.18,745.93
20.12.18,746.55
19.12.18,765.55
18.12.18,756.32
17.12.18,759.10
14.12.18,768.56
13.12.18,775.52
12.12.18,781.48
11.12.18,773.27
10.12.18,763.22
07.12.18,782.03
06.12.18,764.60
05.12.18,792.64
04.12.18,803.93
03.12.18,806.99
30.11.18,790.91
29.11.18,792.52
28.11.18,786.87
27.11.18,789.36
26.11.18,787.10
23.11.18,772.42
22.11.18,784.38
21.11.18,791.23
20.11.18,777.36
19.11.18,797.40
16.11.18,804.77
15.11.18,798.75
14.11.18,804.39
13.11.18,810.65
12.11.18,822.43
09.11.18,819.23
08.11.18,824.60
07.11.18,827.05
06.11.18,823.83
05.11.18,826.97
02.11.18,822.26
01.11.18,819.73
31.10.18,825.60
30.10.18,806.74
29.10.18,814.04
26.10.18,802.39
25.10.18,811.04
24.10.18,807.56
23.10.18,804.07
22.10.18,820.95
19.10.18,837.71
18.10.18,825.69
17.10.18,839.99
16.10.18,840.29
15.10.18,831.42
12.10.18,830.31
11.10.18,827.83
10.10.18,849.44
09.10.18,857.29
08.10.18,853.45
05.10.18,859.42
04.10.18,861.84
03.10.18,870.72
02.10.18,877.17
01.10.18,875.15
28.09.18,871.27
27.09.18,874.46
26.09.18,874.96
25.09.18,881.01
24.09.18,865.37
21.09.18,855.42
20.09.18,850.32
19.09.18,845.18
18.09.18,847.41
17.09.18,843.59
14.09.18,840.66
13.09.18,838.96
12.09.18,839.58
11.09.18,834.57
10.09.18,832.63
07.09.18,828.41
06.09.18,834.12
05.09.18,832.65
04.09.18,839.79
03.09.18,842.87
31.08.18,840.23
30.08.18,845.60
29.08.18,849.18
28.08.18,848.07
27.08.18,845.92
24.08.18,840.00
23.08.18,838.92
22.08.18,839.98
21.08.18,838.73
20.08.18,837.16
17.08.18,824.40
16.08.18,822.61
15.08.18,816.78
14.08.18,829.52
13.08.18,830.77
10.08.18,830.56
09.08.18,841.21
08.08.18,839.25
07.08.18,837.73
06.08.18,824.55
03.08.18,823.36
02.08.18,823.44
01.08.18,825.77
31.07.18,827.84
30.07.18,822.39
27.07.18,823.75
26.07.18,814.39
25.07.18,817.37
24.07.18,814.44
23.07.18,810.54
20.07.18,808.31
19.07.18,806.91
18.07.18,805.63
17.07.18,803.00
16.07.18,801.46
13.07.18,808.09
12.07.18,818.23
11.07.18,826.56
10.07.18,833.58
09.07.18,824.06
06.07.18,812.79
05.07.18,817.98
04.07.18,814.48
03.07.18,812.52
02.07.18,807.33
29.06.18,813.68
28.06.18,809.93
27.06.18,815.51
26.06.18,803.92
25.06.18,801.91
22.06.18,813.64
21.06.18,803.74
20.06.18,812.66
19.06.18,816.50
18.06.18,818.95
15.06.18,825.45
14.06.18,826.67
13.06.18,823.73
12.06.18,826.64
11.06.18,828.87
08.06.18,822.02
07.06.18,819.02
06.06.18,809.13
05.06.18,805.43
04.06.18,809.06
01.06.18,807.30
31.05.18,802.67
30.05.18,799.61
29.05.18,796.03
28.05.18,797.21
25.05.18,794.01
24.05.18,804.01
23.05.18,810.37
22.05.18,819.25
18.05.18,823.63
16.05.18,816.84
15.05.18,812.46
14.05.18,807.25
11.05.18,810.35
09.05.18,811.43
08.05.18,807.31
07.05.18,805.36
04.05.18,796.63
03.05.18,796.91
02.05.18,802.57
30.04.18,793.99
27.04.18,797.06
26.04.18,797.80
25.04.18,774.28
24.04.18,784.12
23.04.18,783.00
20.04.18,778.22
19.04.18,783.17
18.04.18,781.74
17.04.18,770.76
16.04.18,770.74
13.04.18,772.74
12.04.18,768.86
11.04.18,766.23
10.04.18,764.43
09.04.18,748.66
06.04.18,746.82
05.04.18,750.89
04.04.18,734.21
03.04.18,743.80
28.03.18,736.13
27.03.18,737.57
26.03.18,730.63
23.03.18,732.01
22.03.18,726.46
21.03.18,736.72
20.03.18,733.22
19.03.18,729.10
16.03.18,737.95
15.03.18,737.51
14.03.18,741.60
13.03.18,747.77
12.03.18,748.68
09.03.18,749.36
08.03.18,747.30
07.03.18,744.72
06.03.18,749.90
05.03.18,735.11
02.03.18,727.30
01.03.18,742.24
28.02.18,751.32
27.02.18,750.56
26.02.18,751.90
23.02.18,754.35
22.02.18,743.75
21.02.18,743.80
20.02.18,741.76
19.02.18,739.27
16.02.18,742.18
15.02.18,734.00
14.02.18,726.97
13.02.18,732.38
12.02.18,731.31
09.02.18,721.54
08.02.18,729.67
07.02.18,733.22
06.02.18,718.76
05.02.18,735.48
02.02.18,739.38
01.02.18,746.39
31.01.18,738.49
30.01.18,736.89
29.01.18,746.99
26.01.18,751.90
25.01.18,755.87
24.01.18,763.37
23.01.18,766.12
22.01.18,767.58
19.01.18,761.58
18.01.18,760.20
17.01.18,762.70
16.01.18,766.72
15.01.18,766.43
12.01.18,765.94
11.01.18,766.33
10.01.18,766.88
09.01.18,766.75
08.01.18,761.58
05.01.18,760.51
04.01.18,754.48
03.01.18,745.73
02.01.18,743.88
29.12.17,742.80
28.12.17,747.22
27.12.17,744.59
22.12.17,737.56
21.12.17,738.48
20.12.17,729.98
19.12.17,731.37
18.12.17,730.74
15.12.17,721.98
14.12.17,726.26
13.12.17,729.41
12.12.17,732.69
11.12.17,724.16
08.12.17,718.72
07.12.17,714.56
06.12.17,719.23
05.12.17,724.77
04.12.17,733.47
01.12.17,730.90
30.11.17,729.52
29.11.17,728.50
28.11.17,727.18
27.11.17,725.50
24.11.17,732.88
23.11.17,736.58
22.11.17,739.28
21.11.17,739.67
20.11.17,732.05
17.11.17,728.27
16.11.17,734.63
15.11.17,727.85
14.11.17,733.02
13.11.17,737.10
10.11.17,738.17
09.11.17,740.30
08.11.17,750.98
07.11.17,749.33
06.11.17,747.94
03.11.17,745.66
02.11.17,741.86
01.11.17,748.32
31.10.17,739.93
30.10.17,743.19
27.10.17,734.64
26.10.17,728.85
25.10.17,732.00
24.10.17,724.46
23.10.17,726.08
20.10.17,727.53
19.10.17,719.80
18.10.17,720.12
17.10.17,719.74
16.10.17,722.42
13.10.17,723.50
12.10.17,720.86
11.10.17,718.61
10.10.17,717.84
09.10.17,715.02
06.10.17,714.02
05.10.17,719.41
04.10.17,714.04
03.10.17,718.96
02.10.17,715.30
29.09.17,713.68
28.09.17,713.42
27.09.17,709.78
26.09.17,705.09
25.09.17,707.89
22.09.17,702.98
21.09.17,702.32
20.09.17,695.38
19.09.17,694.04
18.09.17,692.90
15.09.17,688.98
14.09.17,692.78
13.09.17,691.87
12.09.17,686.62
11.09.17,682.47
08.09.17,675.77
07.09.17,677.39
06.09.17,675.43
05.09.17,678.64
04.09.17,675.39
01.09.17,676.46
31.08.17,669.91
30.08.17,660.97
29.08.17,654.53
28.08.17,659.97
25.08.17,661.90
24.08.17,662.12
23.08.17,659.63
22.08.17,661.14
21.08.17,655.72
18.08.17,655.81
17.08.17,656.37
16.08.17,665.47
15.08.17,659.24
14.08.17,664.08
11.08.17,656.80
10.08.17,663.78
09.08.17,669.74
08.08.17,669.93
07.08.17,670.06
04.08.17,665.51
03.08.17,663.73
02.08.17,663.37
01.08.17,665.01
31.07.17,660.35
28.07.17,662.55
27.07.17,661.98
26.07.17,662.15
25.07.17,653.28
24.07.17,652.01
21.07.17,650.92
20.07.17,661.09
19.07.17,654.96
18.07.17,652.13
17.07.17,655.43
14.07.17,647.02
13.07.17,647.89
12.07.17,642.87
11.07.17,628.61
10.07.17,628.52
07.07.17,622.81
06.07.17,628.07
05.07.17,628.28
04.07.17,634.63
03.07.17,632.12
30.06.17,625.42
29.06.17,622.00
28.06.17,625.23
27.06.17,620.96
26.06.17,620.06
23.06.17,619.88
22.06.17,620.58
21.06.17,627.23
20.06.17,630.73
19.06.17,632.73
16.06.17,626.88
15.06.17,624.55
14.06.17,635.70
13.06.17,638.04
12.06.17,640.77
09.06.17,634.15
08.06.17,632.56
07.06.17,639.17
06.06.17,635.58
02.06.17,637.77
01.06.17,639.89
31.05.17,636.97
30.05.17,645.70
29.05.17,646.39
26.05.17,645.87
24.05.17,653.53
23.05.17,649.84
22.05.17,652.57
19.05.17,652.22
18.05.17,642.21
16.05.17,657.13
15.05.17,653.15
12.05.17,648.55
11.05.17,646.04
10.05.17,646.67
09.05.17,646.78
08.05.17,639.75
05.05.17,636.74
04.05.17,625.68
03.05.17,629.14
02.05.17,630.37
28.04.17,623.66
27.04.17,625.48
26.04.17,625.48
25.04.17,625.81
24.04.17,619.05
21.04.17,611.29
20.04.17,611.92
19.04.17,611.53
18.04.17,615.08
12.04.17,626.32
11.04.17,622.99
10.04.17,624.61
07.04.17,622.47
06.04.17,622.02
05.04.17,623.29
04.04.17,617.05
03.04.17,622.46
31.03.17,618.27
30.03.17,622.73
29.03.17,617.26
28.03.17,615.98
27.03.17,609.92
24.03.17,622.48
23.03.17,623.29
22.03.17,623.89
21.03.17,632.42
20.03.17,632.61
17.03.17,632.98
16.03.17,632.56
15.03.17,627.40
14.03.17,624.07
13.03.17,629.87
10.03.17,628.43
09.03.17,619.74
08.03.17,621.11
07.03.17,622.36
06.03.17,620.18
03.03.17,621.03
02.03.17,628.45
01.03.17,625.93
28.02.17,619.20
27.02.17,616.80
24.02.17,615.93
23.02.17,621.95
22.02.17,623.50
21.02.17,628.69
20.02.17,620.56
17.02.17,617.18
16.02.17,622.16
15.02.17,623.67
14.02.17,629.82
13.02.17,632.29
10.02.17,626.14
09.02.17,624.09
08.02.17,627.18
07.02.17,630.84
06.02.17,631.58
03.02.17,632.32
02.02.17,623.64
01.02.17,631.62
31.01.17,623.54
30.01.17,628.02
27.01.17,638.35
26.01.17,640.20
25.01.17,640.45
24.01.17,633.91
23.01.17,628.80
20.01.17,632.79
19.01.17,631.04
18.01.17,625.88
17.01.17,622.69
16.01.17,623.98
13.01.17,628.74
12.01.17,625.97
11.01.17,627.70
10.01.17,623.43
09.01.17,622.29
06.01.17,627.70
05.01.17,629.91
04.01.17,625.87
03.01.17,627.99
02.01.17,625.19
30.12.16,617.75
29.12.16,620.45
28.12.16,620.07
27.12.16,617.94
23.12.16,614.42
22.12.16,612.53
21.12.16,610.91
20.12.16,613.28
19.12.16,613.62
16.12.16,615.52
15.12.16,610.06
14.12.16,615.54
13.12.16,618.11
12.12.16,621.02
09.12.16,617.26
08.12.16,611.66
07.12.16,602.16
06.12.16,595.03
05.12.16,595.56
02.12.16,589.64
01.12.16,595.02
30.11.16,588.53
29.11.16,580.68
28.11.16,585.98
25.11.16,589.26
24.11.16,589.19
23.11.16,587.67
22.11.16,587.61
21.11.16,584.24
18.11.16,578.95
17.11.16,579.29
16.11.16,576.80
15.11.16,578.51
14.11.16,571.17
11.11.16,572.52
10.11.16,577.65
09.11.16,570.05
08.11.16,567.59
07.11.16,564.95
04.11.16,557.99
03.11.16,562.23
02.11.16,558.83
01.11.16,570.35
31.10.16,569.62
28.10.16,573.68
27.10.16,573.88
26.10.16,564.64
25.10.16,577.00
24.10.16,573.04
21.10.16,572.32
20.10.16,569.16
19.10.16,568.76
18.10.16,563.93
17.10.16,562.15
14.10.16,567.43
13.10.16,560.55
12.10.16,564.99
11.10.16,568.46
10.10.16,569.46
07.10.16,559.26
06.10.16,563.15
05.10.16,561.16
04.10.16,560.09
03.10.16,551.96
30.09.16,552.21
29.09.16,552.54
28.09.16,539.06
27.09.16,534.09
26.09.16,538.37
23.09.16,547.05
22.09.16,548.07
21.09.16,540.26
20.09.16,539.18
19.09.16,537.42
16.09.16,531.08
15.09.16,527.01
14.09.16,532.31
13.09.16,532.54
12.09.16,537.80
09.09.16,547.81
08.09.16,553.56
07.09.16,555.34
06.09.16,552.04
05.09.16,557.13
02.09.16,553.56
01.09.16,546.54
31.08.16,550.03
30.08.16,553.09
29.08.16,548.19
26.08.16,549.80
25.08.16,548.19
24.08.16,550.57
23.08.16,550.22
22.08.16,544.78
19.08.16,544.39
18.08.16,541.82
17.08.16,539.05
16.08.16,549.29
15.08.16,549.77
12.08.16,552.52
11.08.16,552.90
10.08.16,552.21
09.08.16,555.18
08.08.16,547.30
05.08.16,545.58
04.08.16,541.27
03.08.16,534.62
02.08.16,537.70
01.08.16,542.88
29.07.16,545.55
28.07.16,549.15
27.07.16,557.03
26.07.16,554.94
25.07.16,553.50
22.07.16,560.82
21.07.16,567.10
20.07.16,560.03
19.07.16,560.46
18.07.16,554.96
15.07.16,558.39
14.07.16,557.23
13.07.16,555.59
12.07.16,553.57
11.07.16,557.30
08.07.16,548.15
07.07.16,546.68
06.07.16,531.41
05.07.16,536.13
04.07.16,546.92
01.07.16,550.52
30.06.16,541.23
29.06.16,538.59
28.06.16,526.66
27.06.16,513.73
24.06.16,531.37
23.06.16,549.79
22.06.16,545.75
21.06.16,541.47
20.06.16,541.98
17.06.16,529.45
16.06.16,514.03
15.06.16,527.15
14.06.16,525.10
13.06.16,532.95
10.06.16,540.50
09.06.16,548.57
08.06.16,557.96
07.06.16,557.00
06.06.16,550.14
03.06.16,544.00
02.06.16,546.62
01.06.16,546.77
31.05.16,553.17
30.05.16,558.91
27.05.16,555.41
26.05.16,558.78
25.05.16,556.15
24.05.16,547.57
23.05.16,542.57
20.05.16,542.69
19.05.16,533.28
18.05.16,543.74
13.05.16,535.89
12.05.16,538.50
11.05.16,537.26
10.05.16,533.84
09.05.16,532.26
06.05.16,534.75
04.05.16,534.97
03.05.16,532.21
02.05.16,540.87
29.04.16,545.30
28.04.16,549.36
27.04.16,544.27
26.04.16,532.90
25.04.16,530.70
22.04.16,533.77
21.04.16,538.31
20.04.16,535.52
19.04.16,534.23
18.04.16,524.21
15.04.16,523.62
14.04.16,527.69
13.04.16,528.35
12.04.16,513.64
11.04.16,510.83
08.04.16,505.37
07.04.16,499.92
06.04.16,501.85
05.04.16,499.59
04.04.16,506.47
01.04.16,508.78
31.03.16,516.97
30.03.16,524.81
29.03.16,510.28
23.03.16,526.07
22.03.16,529.25
21.03.16,528.66
18.03.16,530.68
17.03.16,527.06
16.03.16,526.71
15.03.16,523.88
14.03.16,530.37
11.03.16,526.07
10.03.16,523.73
09.03.16,525.02
08.03.16,527.06
07.03.16,527.20
04.03.16,528.40
03.03.16,517.40
02.03.16,512.06
01.03.16,515.04
29.02.16,512.18
26.02.16,507.21
25.02.16,497.61
24.02.16,486.16
23.02.16,502.53
22.02.16,506.16
19.02.16,492.17
18.02.16,500.57
17.02.16,496.84
16.02.16,475.76
15.02.16,483.17
12.02.16,466.58
11.02.16,459.84
10.02.16,474.99
09.02.16,477.24
08.02.16,481.58
05.02.16,503.15
04.02.16,494.94
03.02.16,481.89
02.02.16,480.45
01.02.16,494.68
29.01.16,500.38
28.01.16,492.99
27.01.16,485.47
26.01.16,488.80
25.01.16,483.75
22.01.16,488.89
21.01.16,467.80
20.01.16,456.92
19.01.16,480.20
18.01.16,466.46
15.01.16,471.97
14.01.16,478.47
13.01.16,489.32
12.01.16,486.22
11.01.16,488.09
08.01.16,496.71
07.01.16,498.56
06.01.16,513.35
05.01.16,520.27
04.01.16,530.60
30.12.15,538.98
29.12.15,539.11
28.12.15,533.00
23.12.15,536.86
22.12.15,521.10
21.12.15,523.20
18.12.15,523.49
17.12.15,534.87
16.12.15,539.09
15.12.15,536.56
14.12.15,520.81
11.12.15,528.60
10.12.15,537.64
09.12.15,543.47
08.12.15,539.03
07.12.15,548.44
04.12.15,546.81
03.12.15,557.00
02.12.15,566.10
01.12.15,565.95
30.11.15,561.85
27.11.15,559.61
26.11.15,562.53
25.11.15,558.13
24.11.15,558.16
23.11.15,558.12
20.11.15,559.47
19.11.15,562.03
18.11.15,561.64
17.11.15,556.21
16.11.15,547.74
13.11.15,543.83
12.11.15,546.46
11.11.15,558.56
10.11.15,558.93
09.11.15,563.45
06.11.15,562.36
05.11.15,564.64
04.11.15,569.43
03.11.15,558.67
02.11.15,552.05
30.10.15,549.11
29.10.15,549.72
28.10.15,557.20
27.10.15,550.69
26.10.15,558.80
23.10.15,560.37
22.10.15,551.89
21.10.15,550.33
20.10.15,549.15
19.10.15,550.53
16.10.15,550.21
15.10.15,550.32
14.10.15,544.11
13.10.15,545.50
12.10.15,548.86
09.10.15,555.16
08.10.15,551.25
07.10.15,559.41
06.10.15,548.82
05.10.15,537.37
02.10.15,517.72
01.10.15,522.20
30.09.15,517.70
29.09.15,507.25
28.09.15,506.18
25.09.15,515.95
24.09.15,503.60
23.09.15,512.28
22.09.15,516.17
21.09.15,523.98
18.09.15,521.07
17.09.15,529.53
16.09.15,525.28
15.09.15,516.22
14.09.15,512.50
11.09.15,516.82
10.09.15,522.77
09.09.15,534.53
08.09.15,527.98
07.09.15,518.53
04.09.15,520.31
03.09.15,535.08
02.09.15,521.29
01.09.15,521.80
31.08.15,532.26
28.08.15,532.04
27.08.15,525.41
26.08.15,515.40
25.08.15,511.66
24.08.15,497.90
21.08.15,525.22
20.08.15,533.82
19.08.15,543.87
18.08.15,549.38
17.08.15,549.68
14.08.15,549.86
13.08.15,557.90
12.08.15,555.20
11.08.15,560.99
10.08.15,571.66
07.08.15,573.17
06.08.15,571.17
05.08.15,579.22
04.08.15,574.00
03.08.15,575.03
31.07.15,574.48
30.07.15,577.69
29.07.15,574.52
28.07.15,564.44
27.07.15,562.89
24.07.15,577.50
23.07.15,581.10
22.07.15,580.53
21.07.15,586.62
20.07.15,584.23
17.07.15,584.53
16.07.15,587.23
15.07.15,584.63
14.07.15,582.17
13.07.15,577.15
10.07.15,573.23
09.07.15,565.67
08.07.15,558.06
07.07.15,555.32
06.07.15,559.76
03.07.15,566.45
02.07.15,571.15
01.07.15,568.69
30.06.15,568.41
29.06.15,571.79
26.06.15,582.46
25.06.15,583.49
24.06.15,586.23
23.06.15,583.31
22.06.15,578.91
19.06.15,571.64
18.06.15,568.55
17.06.15,571.64
16.06.15,568.80
15.06.15,567.05
12.06.15,575.36
11.06.15,584.07
10.06.15,582.30
09.06.15,581.99
08.06.15,588.88
05.06.15,587.34
04.06.15,586.24
03.06.15,592.10
02.06.15,587.50
01.06.15,581.58
29.05.15,581.86
28.05.15,582.29
27.05.15,584.15
26.05.15,580.81
22.05.15,589.57
21.05.15,590.29
20.05.15,588.50
19.05.15,588.66
18.05.15,590.67
15.05.15,591.12
13.05.15,596.17
12.05.15,589.92
11.05.15,592.80
08.05.15,586.56
07.05.15,579.98
06.05.15,584.50
05.05.15,586.88
04.05.15,586.45
30.04.15,578.04
29.04.15,571.49
28.04.15,583.55
27.04.15,589.79
24.04.15,589.81
23.04.15,590.65
22.04.15,585.07
21.04.15,594.18
20.04.15,590.65
17.04.15,590.59
16.04.15,599.18
15.04.15,600.64
14.04.15,595.87
13.04.15,596.97
10.04.15,596.58
09.04.15,585.86
08.04.15,584.05
07.04.15,586.71
01.04.15,563.86
31.03.15,561.09
30.03.15,561.86
27.03.15,558.64
26.03.15,554.13
25.03.15,558.84
24.03.15,562.54
23.03.15,564.41
20.03.15,565.27
19.03.15,556.84
18.03.15,560.22
17.03.15,554.68
16.03.15,553.48
13.03.15,554.18
12.03.15,555.47
11.03.15,551.50
10.03.15,546.93
09.03.15,556.96
06.03.15,561.02
05.03.15,559.39
04.03.15,552.45
03.03.15,560.11
02.03.15,556.13
27.02.15,557.66
26.02.15,561.61
25.02.15,560.80
24.02.15,557.44
23.02.15,556.86
20.02.15,557.24
19.02.15,558.31
18.02.15,564.25
17.02.15,560.67
16.02.15,565.04
13.02.15,561.28
12.02.15,556.44
11.02.15,549.35
10.02.15,560.63
09.02.15,563.83
06.02.15,561.81
05.02.15,558.56
04.02.15,551.97
03.02.15,560.96
02.02.15,547.98
30.01.15,542.37
29.01.15,543.00
28.01.15,545.57
27.01.15,544.00
26.01.15,549.62
23.01.15,549.57
22.01.15,546.37
21.01.15,540.63
20.01.15,535.33
19.01.15,539.87
16.01.15,526.57
15.01.15,527.66
14.01.15,522.79
13.01.15,530.00
12.01.15,520.78
09.01.15,527.67
08.01.15,527.42
07.01.15,520.75
06.01.15,517.27
05.01.15,512.92
02.01.15,526.41
30.12.14,523.68
29.12.14,528.64
23.12.14,530.77
22.12.14,528.62
19.12.14,527.04
18.12.14,523.62
17.12.14,503.27
16.12.14,487.67
15.12.14,492.95
12.12.14,496.10
11.12.14,504.02
10.12.14,505.55
09.12.14,504.13
08.12.14,512.36
05.12.14,518.09
04.12.14,519.54
03.12.14,525.23
02.12.14,520.54
01.12.14,514.53
28.11.14,515.97
27.11.14,531.66
26.11.14,545.41
25.11.14,554.25
24.11.14,555.69
21.11.14,555.27
20.11.14,549.53
19.11.14,551.08
18.11.14,549.89
17.11.14,547.36
14.11.14,547.26
13.11.14,535.81
12.11.14,539.20
11.11.14,541.50
10.11.14,539.53
07.11.14,536.00
06.11.14,533.07
05.11.14,533.72
04.11.14,526.51
03.11.14,533.64
31.10.14,533.94
30.10.14,530.60
29.10.14,535.84
28.10.14,529.89
27.10.14,522.18
24.10.14,524.07
23.10.14,523.55
22.10.14,524.84
21.10.14,518.28
20.10.14,500.36
17.10.14,505.89
16.10.14,486.64
15.10.14,500.42
14.10.14,510.49
13.10.14,508.22
10.10.14,505.03
09.10.14,514.79
08.10.14,521.96
07.10.14,525.77
06.10.14,534.76
03.10.14,534.50
02.10.14,535.94
01.10.14,551.49
30.09.14,557.87
29.09.14,555.53
26.09.14,555.12
25.09.14,553.13
24.09.14,557.05
23.09.14,556.40
22.09.14,563.69
19.09.14,566.26
18.09.14,566.84
17.09.14,564.95
16.09.14,560.88
15.09.14,560.06
12.09.14,561.93
11.09.14,559.21
10.09.14,560.83
09.09.14,561.61
08.09.14,562.94
05.09.14,563.57
04.09.14,567.92
03.09.14,565.05
02.09.14,562.43
01.09.14,560.81
29.08.14,556.88
28.08.14,560.24
27.08.14,562.60
26.08.14,561.47
25.08.14,556.80
22.08.14,553.32
21.08.14,555.32
20.08.14,554.23
19.08.14,551.58
18.08.14,550.06
15.08.14,549.03
14.08.14,545.37
13.08.14,543.16
12.08.14,542.04
11.08.14,549.77
08.08.14,537.63
07.08.14,543.81
06.08.14,549.93
05.08.14,555.74
04.08.14,555.26
01.08.14,553.54
31.07.14,558.80
30.07.14,562.65
29.07.14,566.04
28.07.14,563.29
25.07.14,568.59
24.07.14,572.53
23.07.14,573.16
22.07.14,571.02
21.07.14,564.38
18.07.14,562.61
17.07.14,568.65
16.07.14,571.50
15.07.14,565.50
14.07.14,564.34
11.07.14,556.76
10.07.14,554.78
09.07.14,567.50
08.07.14,567.32
07.07.14,575.67
04.07.14,575.93
03.07.14,576.60
02.07.14,571.41
01.07.14,571.46
30.06.14,566.95
27.06.14,566.55
26.06.14,565.35
25.06.14,567.36
24.06.14,576.30
23.06.14,579.71
20.06.14,578.44
19.06.14,580.17
18.06.14,573.17
17.06.14,564.52
16.06.14,570.52
13.06.14,572.24
12.06.14,571.48
11.06.14,567.71
10.06.14,570.31
06.06.14,569.86
05.06.14,565.91
04.06.14,558.72
03.06.14,561.78
02.06.14,560.02
30.05.14,554.43
28.05.14,555.20
27.05.14,553.68
26.05.14,550.73
23.05.14,551.70
22.05.14,549.09
21.05.14,545.57
20.05.14,542.38
19.05.14,545.11
16.05.14,543.81
15.05.14,545.50
14.05.14,547.34
13.05.14,545.36
12.05.14,545.96
09.05.14,540.29
08.05.14,539.74
07.05.14,534.71
06.05.14,533.57
05.05.14,533.00
02.05.14,534.20
30.04.14,529.61
29.04.14,527.18
28.04.14,518.37
25.04.14,517.76
24.04.14,514.76
23.04.14,511.41
22.04.14,513.40
16.04.14,503.79
15.04.14,498.94
14.04.14,498.44
11.04.14,494.58
10.04.14,506.38
09.04.14,506.55
08.04.14,500.47
07.04.14,505.04
04.04.14,513.28
03.04.14,510.58
02.04.14,511.57
01.04.14,511.05
31.03.14,513.34
28.03.14,512.23
27.03.14,511.96
26.03.14,513.94
25.03.14,509.29
24.03.14,505.06
21.03.14,506.92
20.03.14,500.69
19.03.14,498.86
18.03.14,499.10
17.03.14,496.94
14.03.14,492.73
13.03.14,495.95
12.03.14,498.64
11.03.14,506.34
10.03.14,504.24
07.03.14,508.45
06.03.14,510.33
05.03.14,509.01
04.03.14,511.07
03.03.14,506.33
28.02.14,507.84
27.02.14,504.79
26.02.14,504.62
25.02.14,503.79
24.02.14,508.33
21.02.14,505.76
20.02.14,503.59
19.02.14,501.23
18.02.14,500.28
17.02.14,501.33
14.02.14,499.77
13.02.14,497.49
12.02.14,500.98
11.02.14,503.28
10.02.14,500.42
07.02.14,501.83
06.02.14,491.70
05.02.14,486.67
04.02.14,489.04
03.02.14,488.92
31.01.14,490.21
30.01.14,494.26
29.01.14,492.01
28.01.14,498.36
27.01.14,499.29
24.01.14,502.12
23.01.14,510.25
22.01.14,515.49
21.01.14,518.60
20.01.14,515.32
17.01.14,516.60
16.01.14,518.24
15.01.14,516.47
14.01.14,510.46
13.01.14,512.20
10.01.14,510.65
09.01.14,507.82
08.01.14,504.27
07.01.14,501.60
06.01.14,501.18
03.01.14,502.32
02.01.14,501.97
30.12.13,503.58
27.12.13,504.83
23.12.13,499.52
20.12.13,493.02
19.12.13,487.97
18.12.13,484.46
17.12.13,487.62
16.12.13,487.52
13.12.13,484.27
12.12.13,481.93
11.12.13,486.43
10.12.13,489.86
09.12.13,490.24
06.12.13,487.54
05.12.13,488.87
04.12.13,489.44
03.12.13,493.24
02.12.13,497.95
29.11.13,498.25
28.11.13,499.01
27.11.13,497.37
26.11.13,493.70
25.11.13,495.20
22.11.13,495.51
21.11.13,494.03
20.11.13,497.36
19.11.13,499.90
18.11.13,501.10
15.11.13,500.22
14.11.13,496.00
13.11.13,491.56
12.11.13,493.06
11.11.13,498.27
08.11.13,493.79
07.11.13,495.41
06.11.13,499.03
05.11.13,491.08
04.11.13,493.57
01.11.13,491.50
31.10.13,489.07
30.10.13,492.76
29.10.13,494.27
28.10.13,491.27
25.10.13,494.21
24.10.13,489.28
23.10.13,483.72
22.10.13,484.97
21.10.13,481.13
18.10.13,475.72
17.10.13,470.81
16.10.13,469.98
15.10.13,469.94
14.10.13,464.07
11.10.13,462.35
10.10.13,462.07
09.10.13,455.16
08.10.13,456.06
07.10.13,461.78
04.10.13,464.31
03.10.13,465.88
02.10.13,462.11
01.10.13,460.55
30.09.13,459.57
27.09.13,465.62
26.09.13,467.64
25.09.13,467.98
24.09.13,466.26
23.09.13,466.84
20.09.13,469.33
19.09.13,467.93
18.09.13,464.49
17.09.13,464.29
16.09.13,464.66
13.09.13,464.57
12.09.13,464.17
11.09.13,466.62
10.09.13,463.92
09.09.13,462.86
06.09.13,462.22
05.09.13,462.56
04.09.13,462.84
03.09.13,463.37
02.09.13,462.59
30.08.13,456.88
29.08.13,462.26
28.08.13,461.17
27.08.13,457.26
26.08.13,460.83
23.08.13,461.15
22.08.13,462.27
21.08.13,458.61
20.08.13,458.65
19.08.13,463.51
16.08.13,462.21
15.08.13,460.95
14.08.13,464.38
13.08.13,460.94
12.08.13,460.65
09.08.13,461.24
08.08.13,460.57
07.08.13,455.65
06.08.13,455.30
05.08.13,458.52
02.08.13,458.70
01.08.13,458.98
31.07.13,456.99
30.07.13,454.91
29.07.13,455.95
26.07.13,456.00
25.07.13,457.77
24.07.13,459.60
23.07.13,459.17
22.07.13,458.25
19.07.13,457.86
18.07.13,453.72
17.07.13,457.11
16.07.13,455.58
15.07.13,456.48
12.07.13,454.00
11.07.13,455.62
10.07.13,448.40
09.07.13,445.22
08.07.13,444.73
05.07.13,441.75
04.07.13,440.86
03.07.13,433.35
02.07.13,438.92
01.07.13,436.12
28.06.13,431.03
27.06.13,432.98
26.06.13,433.59
25.06.13,428.98
24.06.13,421.40
21.06.13,434.14
20.06.13,433.84
19.06.13,438.99
18.06.13,443.10
17.06.13,439.99
14.06.13,436.29
13.06.13,435.73
12.06.13,436.71
11.06.13,433.03
10.06.13,440.73
07.06.13,443.33
06.06.13,442.33
05.06.13,445.16
04.06.13,448.70
03.06.13,450.52
31.05.13,453.82
30.05.13,453.98
29.05.13,454.26
28.05.13,458.79
27.05.13,454.00
24.05.13,449.87
23.05.13,448.55
22.05.13,456.22
21.05.13,455.96
16.05.13,451.19
15.05.13,450.90
14.05.13,451.03
13.05.13,451.83
10.05.13,450.63
08.05.13,450.43
07.05.13,448.63
06.05.13,447.79
03.05.13,446.38
02.05.13,439.73
30.04.13,444.24
29.04.13,442.14
26.04.13,444.82
25.04.13,444.54
24.04.13,438.79
23.04.13,435.28
22.04.13,428.47
19.04.13,429.60
18.04.13,424.74
17.04.13,420.97
16.04.13,426.67
15.04.13,426.98
12.04.13,433.37
11.04.13,436.40
10.04.13,435.40
09.04.13,431.20
08.04.13,429.69
05.04.13,426.36
04.04.13,433.98
03.04.13,438.98
02.04.13,437.85
27.03.13,434.21
26.03.13,435.55
25.03.13,434.71
22.03.13,438.20
21.03.13,437.74
20.03.13,439.50
19.03.13,441.37
18.03.13,442.75
15.03.13,443.69
14.03.13,445.08
13.03.13,441.66
12.03.13,443.58
11.03.13,441.93
08.03.13,441.68
07.03.13,438.83
06.03.13,440.33
05.03.13,441.81
04.03.13,434.91
01.03.13,434.38
28.02.13,435.58
27.02.13,435.52
26.02.13,435.02
25.02.13,437.93
22.02.13,434.62
21.02.13,433.35
20.02.13,439.52
19.02.13,438.40
18.02.13,434.50
15.02.13,434.75
14.02.13,433.84
13.02.13,435.77
12.02.13,434.79
11.02.13,431.89
08.02.13,435.83
07.02.13,432.74
06.02.13,427.63
05.02.13,431.10
04.02.13,432.50
01.02.13,434.55
31.01.13,429.85
30.01.13,431.54
29.01.13,432.14
28.01.13,431.10
25.01.13,435.12
24.01.13,433.07
23.01.13,432.66
22.01.13,429.26
21.01.13,432.04
18.01.13,432.06
17.01.13,431.01
16.01.13,426.58
15.01.13,424.18
14.01.13,425.10
11.01.13,423.15
10.01.13,424.05
09.01.13,423.45
08.01.13,421.46
07.01.13,419.49
04.01.13,422.50
03.01.13,420.97
02.01.13,419.99
28.12.12,410.30
27.12.12,413.95
21.12.12,414.81
20.12.12,413.06
19.12.12,416.35
18.12.12,413.04
17.12.12,411.38
14.12.12,413.27
13.12.12,413.96
12.12.12,415.64
11.12.12,413.67
10.12.12,410.12
07.12.12,410.24
06.12.12,410.74
05.12.12,406.03
04.12.12,406.25
03.12.12,411.24
30.11.12,411.12
29.11.12,410.75
28.11.12,403.28
27.11.12,410.33
26.11.12,410.01
23.11.12,413.42
22.11.12,413.78
21.11.12,409.20
20.11.12,410.08
19.11.12,409.55
16.11.12,400.05
15.11.12,401.20
14.11.12,403.31
13.11.12,402.22
12.11.12,405.16
09.11.12,404.98
08.11.12,405.90
07.11.12,408.27
06.11.12,411.19
05.11.12,409.57
02.11.12,411.90
01.11.12,414.41
31.10.12,410.64
30.10.12,411.70
29.10.12,410.64
26.10.12,410.04
25.10.12,413.58
24.10.12,408.85
23.10.12,402.97
22.10.12,415.08
19.10.12,417.35
18.10.12,419.62
17.10.12,420.83
16.10.12,421.59
15.10.12,417.76
12.10.12,417.86
11.10.12,419.92
10.10.12,416.82
09.10.12,419.19
08.10.12,418.61
05.10.12,422.57
04.10.12,416.16
03.10.12,418.58
02.10.12,420.25
01.10.12,421.69
28.09.12,415.42
27.09.12,417.07
26.09.12,415.43
25.09.12,425.32
24.09.12,422.51
21.09.12,426.10
20.09.12,420.07
19.09.12,423.00
18.09.12,425.53
17.09.12,429.36
14.09.12,430.38
13.09.12,417.32
12.09.12,416.46
11.09.12,415.18
10.09.12,414.69
07.09.12,413.57
06.09.12,411.68
05.09.12,403.79
04.09.12,402.30
03.09.12,408.19
31.08.12,404.35
30.08.12,399.32
29.08.12,404.88
28.08.12,402.40
27.08.12,404.19
24.08.12,400.83
23.08.12,401.26
22.08.12,405.26
21.08.12,408.82
20.08.12,404.31
17.08.12,408.39
16.08.12,405.39
15.08.12,404.45
14.08.12,402.14
13.08.12,398.74
10.08.12,399.46
09.08.12,401.99
08.08.12,397.36
07.08.12,401.97
06.08.12,397.94
03.08.12,396.48
02.08.12,387.16
01.08.12,392.36
31.07.12,392.54
30.07.12,395.06
27.07.12,394.47
26.07.12,389.34
25.07.12,382.44
24.07.12,381.09
23.07.12,382.72
20.07.12,393.19
19.07.12,395.73
18.07.12,393.01
17.07.12,387.98
16.07.12,385.36
13.07.12,384.93
12.07.12,376.26
11.07.12,380.55
10.07.12,381.99
09.07.12,372.88
06.07.12,374.99
05.07.12,380.58
04.07.12,383.81
03.07.12,387.15
02.07.12,378.65
29.06.12,375.55
28.06.12,362.86
27.06.12,361.48
26.06.12,352.19
25.06.12,351.24
22.06.12,354.77
21.06.12,361.51
20.06.12,368.51
19.06.12,365.14
18.06.12,359.09
15.06.12,360.93
14.06.12,351.96
13.06.12,351.24
12.06.12,356.35
11.06.12,354.30
08.06.12,356.47
07.06.12,358.03
06.06.12,354.98
05.06.12,344.73
04.06.12,342.22
01.06.12,346.99
31.05.12,353.19
30.05.12,357.30
29.05.12,364.01
25.05.12,361.73
24.05.12,361.37
23.05.12,358.09
22.05.12,371.59
21.05.12,364.95
18.05.12,358.45
16.05.12,370.32
15.05.12,371.83
14.05.12,370.08
11.05.12,377.38
10.05.12,377.54
09.05.12,371.35
08.05.12,370.71
07.05.12,381.73
04.05.12,381.08
03.05.12,390.24
02.05.12,387.46
30.04.12,389.21
27.04.12,387.83
26.04.12,390.81
25.04.12,388.95
24.04.12,385.02
23.04.12,378.56
20.04.12,389.83
19.04.12,388.93
18.04.12,389.79
17.04.12,391.04
16.04.12,382.20
13.04.12,382.32
12.04.12,386.21
11.04.12,380.14
10.04.12,377.60
04.04.12,389.61
03.04.12,394.62
02.04.12,398.67
30.03.12,394.39
29.03.12,388.50
28.03.12,394.34
27.03.12,396.75
26.03.12,401.92
23.03.12,396.20
22.03.12,391.72
21.03.12,395.60
20.03.12,396.52
19.03.12,403.51
16.03.12,401.64
15.03.12,399.58
14.03.12,399.75
13.03.12,395.41
12.03.12,390.80
09.03.12,393.63
08.03.12,391.65
07.03.12,384.28
06.03.12,379.48
05.03.12,391.11
02.03.12,396.65
01.03.12,396.19
29.02.12,397.40
28.02.12,398.20
27.02.12,396.20
24.02.12,394.92
23.02.12,390.91
22.02.12,393.21
21.02.12,392.15
20.02.12,393.10
17.02.12,387.57
16.02.12,388.42
15.02.12,387.05
14.02.12,381.86
13.02.12,383.12
10.02.12,384.30
09.02.12,383.30
08.02.12,378.68
07.02.12,375.97
06.02.12,378.04
03.02.12,377.58
02.02.12,373.08
01.02.12,372.79
31.01.12,365.95
30.01.12,363.44
27.01.12,368.03
26.01.12,368.70
25.01.12,364.25
24.01.12,363.54
23.01.12,367.22
20.01.12,365.18
19.01.12,367.93
18.01.12,366.49
17.01.12,367.74
16.01.12,366.09
13.01.12,365.06
12.01.12,369.46
11.01.12,365.36
10.01.12,367.39
09.01.12,360.62
06.01.12,363.88
05.01.12,364.98
04.01.12,362.78
03.01.12,366.00
02.01.12,361.82
30.12.11,357.60
29.12.11,356.14
28.12.11,352.74
27.12.11,356.60
23.12.11,355.84
22.12.11,351.98
21.12.11,345.97
20.12.11,348.40
19.12.11,337.58
16.12.11,340.63
15.12.11,338.60
14.12.11,332.91
13.12.11,343.68
12.12.11,341.65
09.12.11,351.41
08.12.11,346.38
07.12.11,352.68
06.12.11,357.16
05.12.11,354.74
02.12.11,352.03
01.12.11,352.04
30.11.11,354.02
29.11.11,340.47
28.11.11,341.22
25.11.11,328.32
24.11.11,323.39
23.11.11,324.82
22.11.11,335.25
21.11.11,339.29
18.11.11,350.40
17.11.11,352.67
16.11.11,360.36
15.11.11,358.57
14.11.11,359.59
11.11.11,361.51
10.11.11,351.91
09.11.11,354.71
08.11.11,360.85
07.11.11,359.99
04.11.11,355.53
03.11.11,357.89
02.11.11,348.50
01.11.11,341.35
31.10.11,356.93
28.10.11,363.07
27.10.11,368.38
26.10.11,357.43
25.10.11,355.91
24.10.11,359.56
21.10.11,352.23
20.10.11,340.82
19.10.11,343.11
18.10.11,344.21
17.10.11,341.84
14.10.11,345.07
13.10.11,335.25
12.10.11,340.66
11.10.11,330.99
10.10.11,335.48
07.10.11,320.82
06.10.11,321.25
05.10.11,313.72
04.10.11,301.03
03.10.11,310.44
30.09.11,322.92
29.09.11,324.18
28.09.11,322.78
27.09.11,326.66
26.09.11,315.33
23.09.11,316.82
22.09.11,320.81
21.09.11,336.92
20.09.11,340.46
19.09.11,332.90
16.09.11,340.67
15.09.11,339.63
14.09.11,331.87
13.09.11,323.96
12.09.11,324.41
09.09.11,331.47
08.09.11,340.14
07.09.11,337.00
06.09.11,324.04
05.09.11,325.95
02.09.11,341.33
01.09.11,351.48
31.08.11,349.68
30.08.11,342.18
29.08.11,341.37
26.08.11,332.89
25.08.11,329.89
24.08.11,334.63
23.08.11,323.77
22.08.11,323.17
19.08.11,323.82
18.08.11,325.03
17.08.11,345.64
16.08.11,341.47
15.08.11,341.60
12.08.11,336.91
11.08.11,327.97
10.08.11,316.48
09.08.11,320.96
08.08.11,317.37
05.08.11,335.83
04.08.11,344.93
03.08.11,362.48
02.08.11,369.38
01.08.11,377.77
29.07.11,383.59
28.07.11,387.75
27.07.11,386.59
26.07.11,392.80
25.07.11,392.33
22.07.11,392.43
21.07.11,391.81
20.07.11,388.57
19.07.11,381.84
18.07.11,377.59
15.07.11,383.57
14.07.11,380.74
13.07.11,384.98
12.07.11,378.70
11.07.11,380.60
08.07.11,385.40
07.07.11,393.25
06.07.11,388.70
05.07.11,392.04
04.07.11,392.17
01.07.11,391.21
30.06.11,386.66
29.06.11,382.58
28.06.11,372.23
27.06.11,368.47
24.06.11,367.56
23.06.11,369.91
22.06.11,379.89
21.06.11,383.74
20.06.11,373.04
17.06.11,375.88
16.06.11,375.34
15.06.11,380.45
14.06.11,389.85
10.06.11,386.57
09.06.11,391.61
08.06.11,388.37
07.06.11,394.37
06.06.11,395.65
03.06.11,397.15
01.06.11,401.95
31.05.11,405.99
30.05.11,401.25
27.05.11,399.82
26.05.11,394.93
25.05.11,396.76
24.05.11,394.44
23.05.11,392.40
20.05.11,399.42
19.05.11,402.36
18.05.11,399.34
16.05.11,400.20
13.05.11,398.33
12.05.11,396.69
11.05.11,401.16
10.05.11,401.61
09.05.11,399.09
06.05.11,399.27
05.05.11,395.82
04.05.11,396.00
03.05.11,405.57
02.05.11,412.72
29.04.11,413.39
28.04.11,409.91
27.04.11,408.68
26.04.11,409.15
20.04.11,407.49
19.04.11,398.22
18.04.11,393.55
15.04.11,403.08
14.04.11,404.29
13.04.11,410.49
12.04.11,408.51
11.04.11,417.31
08.04.11,417.90
07.04.11,414.42
06.04.11,418.90
05.04.11,418.28
04.04.11,417.50
01.04.11,414.51
31.03.11,408.49
30.03.11,409.01
29.03.11,407.68
28.03.11,408.08
25.03.11,408.96
24.03.11,406.13
23.03.11,402.68
22.03.11,401.56
21.03.11,404.13
18.03.11,399.13
17.03.11,396.30
16.03.11,386.24
15.03.11,385.74
14.03.11,392.58
11.03.11,396.30
10.03.11,398.79
09.03.11,406.90
08.03.11,409.30
07.03.11,408.94
04.03.11,410.69
03.03.11,407.98
02.03.11,404.88
01.03.11,406.71
28.02.11,408.31
25.02.11,405.36
24.02.11,400.05
23.02.11,396.94
22.02.11,398.14
21.02.11,399.19
18.02.11,402.79
17.02.11,403.21
16.02.11,407.00
15.02.11,405.63
14.02.11,408.23
11.02.11,404.08
10.02.11,398.25
09.02.11,400.30
08.02.11,403.17
07.02.11,405.03
04.02.11,403.32
03.02.11,404.40
02.02.11,407.24
01.02.11,404.96
31.01.11,393.25
28.01.11,392.63
27.01.11,394.23
26.01.11,390.38
25.01.11,386.38
24.01.11,392.03
21.01.11,393.17
20.01.11,387.56
19.01.11,397.94
18.01.11,405.22
17.01.11,400.93
14.01.11,404.01
13.01.11,405.83
12.01.11,408.11
11.01.11,404.54
10.01.11,399.22
07.01.11,400.59
06.01.11,401.80
05.01.11,401.97
04.01.11,399.89
03.01.11,403.99
30.12.10,400.40
29.12.10,402.22
28.12.10,402.20
27.12.10,399.35
23.12.10,400.37
22.12.10,400.28
21.12.10,398.43
20.12.10,391.81
17.12.10,388.68
16.12.10,384.34
15.12.10,383.42
14.12.10,382.43
13.12.10,385.79
10.12.10,383.17
09.12.10,386.27
08.12.10,387.47
07.12.10,385.22
06.12.10,385.50
03.12.10,382.25
02.12.10,382.22
01.12.10,373.61
30.11.10,361.25
29.11.10,362.40
26.11.10,366.80
25.11.10,369.11
24.11.10,368.92
23.11.10,365.01
22.11.10,373.59
19.11.10,374.42
18.11.10,375.28
17.11.10,369.74
16.11.10,367.42
15.11.10,379.82
12.11.10,378.03
11.11.10,381.18
10.11.10,377.75
09.11.10,380.59
08.11.10,376.51
05.11.10,377.57
04.11.10,378.22
03.11.10,370.20
02.11.10,378.64
01.11.10,375.22
29.10.10,371.22
28.10.10,369.30
27.10.10,366.37
26.10.10,370.55
25.10.10,368.53
22.10.10,364.60
21.10.10,366.39
20.10.10,362.34
19.10.10,359.50
18.10.10,363.98
15.10.10,362.98
14.10.10,363.54
13.10.10,362.20
12.10.10,355.06
11.10.10,357.06
08.10.10,357.17
07.10.10,354.84
06.10.10,356.84
05.10.10,353.67
04.10.10,349.52
01.10.10,351.66
30.09.10,349.95
29.09.10,349.48
28.09.10,347.68
27.09.10,349.18
24.09.10,348.13
23.09.10,346.19
22.09.10,345.34
21.09.10,350.19
20.09.10,347.16
17.09.10,344.82
16.09.10,343.69
15.09.10,343.38
14.09.10,344.91
13.09.10,346.37
10.09.10,341.63
09.09.10,340.74
08.09.10,337.75
07.09.10,335.55
06.09.10,338.91
03.09.10,338.06
02.09.10,332.41
01.09.10,333.60
31.08.10,322.09
30.08.10,322.23
27.08.10,320.41
26.08.10,317.49
25.08.10,313.66
24.08.10,316.50
23.08.10,325.23
20.08.10,323.77
19.08.10,327.23
18.08.10,334.71
17.08.10,335.47
16.08.10,325.91
13.08.10,326.34
12.08.10,326.60
11.08.10,328.53
10.08.10,336.64
09.08.10,341.82
06.08.10,343.11
05.08.10,343.15
04.08.10,342.01
03.08.10,338.28
02.08.10,338.47
30.07.10,327.73
29.07.10,331.13
28.07.10,333.99
27.07.10,334.79
26.07.10,336.12
23.07.10,331.42
22.07.10,330.39
21.07.10,321.62
20.07.10,315.43
19.07.10,317.56
16.07.10,317.21
15.07.10,319.44
14.07.10,324.32
13.07.10,327.43
12.07.10,321.73
09.07.10,318.98
08.07.10,315.69
07.07.10,314.11
06.07.10,307.61
05.07.10,295.92
02.07.10,298.80
01.07.10,290.88
30.06.10,299.43
29.06.10,298.04
28.06.10,314.52
25.06.10,312.51
24.06.10,320.09
23.06.10,326.87
22.06.10,331.87
21.06.10,337.02
18.06.10,330.05
17.06.10,329.45
16.06.10,330.10
15.06.10,333.28
14.06.10,332.48
11.06.10,323.29
10.06.10,321.61
09.06.10,317.53
08.06.10,309.54
07.06.10,314.01
04.06.10,317.23
03.06.10,323.48
02.06.10,316.24
01.06.10,314.00
31.05.10,313.20
28.05.10,318.69
27.05.10,323.03
26.05.10,316.71
25.05.10,302.84
21.05.10,313.94
20.05.10,308.66
19.05.10,318.34
18.05.10,332.42
14.05.10,329.66
12.05.10,342.02
11.05.10,335.80
10.05.10,338.46
07.05.10,317.82
06.05.10,326.73
05.05.10,334.38
04.05.10,340.33
03.05.10,349.93
30.04.10,348.15
29.04.10,351.98
28.04.10,346.69
27.04.10,352.99
26.04.10,358.08
23.04.10,356.07
22.04.10,352.35
21.04.10,353.33
20.04.10,353.97
19.04.10,346.94
16.04.10,351.56
15.04.10,356.42
14.04.10,353.20
13.04.10,347.90
12.04.10,353.37
09.04.10,352.93
08.04.10,348.42
07.04.10,350.09
06.04.10,350.94
31.03.10,342.61
30.03.10,338.65
29.03.10,340.00
26.03.10,339.16
25.03.10,342.68
24.03.10,340.15
23.03.10,341.24
22.03.10,335.54
19.03.10,334.93
18.03.10,335.82
17.03.10,338.47
16.03.10,336.63
15.03.10,331.52
12.03.10,337.11
11.03.10,335.70
10.03.10,339.26
09.03.10,334.09
08.03.10,334.49
05.03.10,335.72
04.03.10,329.63
03.03.10,329.82
02.03.10,327.43
01.03.10,326.63
26.02.10,317.57
25.02.10,311.80
24.02.10,319.61
23.02.10,319.00
22.02.10,326.45
19.02.10,324.24
18.02.10,320.34
17.02.10,317.83
16.02.10,315.94
15.02.10,308.29
12.02.10,310.95
11.02.10,315.39
10.02.10,312.62
09.02.10,319.35
08.02.10,315.40
05.02.10,318.79
04.02.10,324.69
03.02.10,335.31
02.02.10,336.12
01.02.10,330.76
29.01.10,329.81
28.01.10,323.99
27.01.10,323.23
26.01.10,323.49
25.01.10,325.70
22.01.10,325.32
21.01.10,330.59
20.01.10,335.63
19.01.10,344.67
18.01.10,345.97
15.01.10,345.30
14.01.10,348.10
13.01.10,344.13
12.01.10,343.76
11.01.10,350.81
08.01.10,349.44
07.01.10,347.85
06.01.10,346.53
05.01.10,348.02
04.01.10,347.70
30.12.09,339.32
29.12.09,342.87
28.12.09,340.90
23.12.09,339.41
22.12.09,338.14
21.12.09,338.26
18.12.09,332.09
17.12.09,334.68
16.12.09,339.50
15.12.09,335.72
14.12.09,333.95
11.12.09,330.82
10.12.09,331.36
09.12.09,325.56
08.12.09,328.98
07.12.09,331.07
04.12.09,331.43
03.12.09,326.16
02.12.09,326.22
01.12.09,326.00
30.11.09,317.56
27.11.09,323.47
26.11.09,317.32
25.11.09,327.56
24.11.09,325.76
23.11.09,327.52
20.11.09,318.16
19.11.09,316.85
18.11.09,324.94
17.11.09,323.40
16.11.09,324.78
13.11.09,314.61
12.11.09,313.15
11.11.09,314.02
10.11.09,310.40
09.11.09,311.82
06.11.09,302.56
05.11.09,305.00
04.11.09,304.12
03.11.09,295.48
02.11.09,300.46
30.10.09,299.29
29.10.09,305.79
28.10.09,295.12
27.10.09,306.01
26.10.09,305.25
23.10.09,310.13
22.10.09,311.95
21.10.09,316.53
20.10.09,316.84
19.10.09,316.04
16.10.09,309.89
15.10.09,309.98
14.10.09,310.73
13.10.09,304.07
12.10.09,307.02
09.10.09,306.40
08.10.09,304.98
07.10.09,296.96
06.10.09,299.33
05.10.09,290.34
02.10.09,281.68
01.10.09,288.63
30.09.09,293.03
29.09.09,292.13
28.09.09,292.29
25.09.09,289.03
24.09.09,286.89
23.09.09,293.39
22.09.09,297.04
21.09.09,291.75
18.09.09,295.63
17.09.09,295.30
16.09.09,293.95
15.09.09,288.32
14.09.09,280.69
11.09.09,283.10
10.09.09,282.04
09.09.09,282.74
08.09.09,278.36
07.09.09,276.81
04.09.09,271.49
03.09.09,268.07
02.09.09,265.37
01.09.09,269.64
31.08.09,271.58
28.08.09,278.44
27.08.09,273.47
26.08.09,277.71
25.08.09,284.23
24.08.09,283.53
21.08.09,278.29
20.08.09,271.24
19.08.09,266.98
18.08.09,266.92
17.08.09,263.28
14.08.09,270.67
13.08.09,272.11
12.08.09,271.27
11.08.09,266.60
10.08.09,271.49
07.08.09,274.21
06.08.09,272.50
05.08.09,273.21
04.08.09,273.98
03.08.09,277.08
31.07.09,269.39
30.07.09,267.68
29.07.09,260.56
28.07.09,262.92
27.07.09,271.47
24.07.09,268.01
23.07.09,269.26
22.07.09,264.69
21.07.09,265.31
20.07.09,258.79
17.07.09,254.15
16.07.09,252.17
15.07.09,253.55
14.07.09,245.06
13.07.09,239.02
10.07.09,234.79
09.07.09,240.45
08.07.09,237.77
07.07.09,242.25
06.07.09,242.20
03.07.09,252.50
02.07.09,253.96
01.07.09,260.10
30.06.09,254.46
29.06.09,255.85
26.06.09,252.56
25.06.09,249.85
24.06.09,252.91
23.06.09,243.89
22.06.09,243.87
19.06.09,261.42
18.06.09,260.41
17.06.09,256.66
16.06.09,270.08
15.06.09,267.18
12.06.09,276.75
11.06.09,280.78
10.06.09,276.42
09.06.09,269.66
08.06.09,265.39
05.06.09,272.77
04.06.09,269.66
03.06.09,266.26
02.06.09,278.25
29.05.09,265.71
28.05.09,259.48
27.05.09,258.92
26.05.09,255.55
25.05.09,258.08
22.05.09,256.47
20.05.09,262.11
19.05.09,257.30
18.05.09,253.05
15.05.09,247.98
14.05.09,246.29
13.05.09,245.03
12.05.09,252.38
11.05.09,249.96
08.05.09,255.83
07.05.09,245.73
06.05.09,240.70
05.05.09,238.26
04.05.09,239.06
30.04.09,226.66
29.04.09,224.14
28.04.09,217.18
27.04.09,217.61
24.04.09,219.41
23.04.09,214.28
22.04.09,216.17
21.04.09,214.37
20.04.09,210.78
17.04.09,221.57
16.04.09,214.05
15.04.09,208.72
14.04.09,206.84
08.04.09,196.99
07.04.09,200.68
06.04.09,207.67
03.04.09,209.01
02.04.09,215.57
01.04.09,204.99
31.03.09,203.72
30.03.09,198.76
27.03.09,208.96
26.03.09,214.56
25.03.09,210.20
24.03.09,205.54
23.03.09,209.61
20.03.09,200.86
19.03.09,198.78
18.03.09,189.86
17.03.09,193.63
16.03.09,192.96
13.03.09,189.81
12.03.09,188.75
11.03.09,190.13
10.03.09,193.47
09.03.09,184.70
06.03.09,179.63
05.03.09,179.78
04.03.09,188.85
03.03.09,175.75
02.03.09,183.55
27.02.09,191.57
26.02.09,195.77
25.02.09,188.14
24.02.09,186.72
23.02.09,185.96
20.02.09,188.57
19.02.09,199.52
18.02.09,197.49
17.02.09,200.35
16.02.09,206.70
13.02.09,210.64
12.02.09,207.04
11.02.09,213.12
10.02.09,212.42
09.02.09,215.81
06.02.09,209.04
05.02.09,200.99
04.02.09,202.52
03.02.09,198.39
02.02.09,192.82
30.01.09,201.15
29.01.09,201.93
28.01.09,207.75
27.01.09,203.35
26.01.09,204.42
23.01.09,197.74
22.01.09,193.98
21.01.09,196.55
20.01.09,195.13
19.01.09,197.68
16.01.09,204.64
15.01.09,197.14
14.01.09,192.64
13.01.09,201.67
12.01.09,202.46
09.01.09,210.38
08.01.09,211.67
07.01.09,209.22
06.01.09,222.82
05.01.09,215.36
02.01.09,211.68
30.12.08,199.13
29.12.08,194.33
23.12.08,188.94
22.12.08,186.36
19.12.08,192.29
18.12.08,194.69
17.12.08,195.78
16.12.08,191.55
15.12.08,189.39
12.12.08,182.59
11.12.08,194.77
10.12.08,190.74
09.12.08,186.45
08.12.08,183.79
05.12.08,164.90
04.12.08,179.77
03.12.08,183.21
02.12.08,180.43
01.12.08,176.01
28.11.08,192.79
27.11.08,196.89
26.11.08,186.02
25.11.08,183.10
24.11.08,181.90
21.11.08,162.92
20.11.08,164.67
19.11.08,170.77
18.11.08,185.11
17.11.08,186.55
14.11.08,193.07
13.11.08,190.36
12.11.08,190.65
11.11.08,208.01
10.11.08,221.60
07.11.08,220.62
06.11.08,213.61
05.11.08,239.10
04.11.08,240.19
03.11.08,223.06
31.10.08,214.54
30.10.08,205.15
29.10.08,191.80
28.10.08,186.53
27.10.08,184.31
24.10.08,192.83
23.10.08,213.58
22.10.08,212.52
21.10.08,225.60
20.10.08,219.54
17.10.08,202.01
16.10.08,197.02
15.10.08,215.14
14.10.08,237.48
13.10.08,224.73
10.10.08,211.28
09.10.08,229.75
08.10.08,222.05
07.10.08,237.80
06.10.08,244.48
03.10.08,270.69
02.10.08,253.84
01.10.08,271.70
30.09.08,281.73
29.09.08,265.62
26.09.08,290.97
25.09.08,307.66
24.09.08,310.31
23.09.08,315.06
22.09.08,320.42
19.09.08,320.70
18.09.08,293.21
17.09.08,285.01
16.09.08,292.67
15.09.08,310.76
12.09.08,326.45
11.09.08,314.81
10.09.08,313.23
09.09.08,312.66
08.09.08,332.85
05.09.08,324.95
04.09.08,334.97
03.09.08,346.99
02.09.08,356.92
01.09.08,369.20
29.08.08,377.41
28.08.08,375.56
27.08.08,370.55
26.08.08,364.07
25.08.08,367.60
22.08.08,372.08
21.08.08,368.93
20.08.08,360.76
19.08.08,353.94
18.08.08,360.05
15.08.08,352.48
14.08.08,354.63
13.08.08,348.96
12.08.08,353.95
11.08.08,358.28
08.08.08,356.80
07.08.08,360.35
06.08.08,356.24
05.08.08,349.23
04.08.08,358.17
01.08.08,363.14
31.07.08,374.95
30.07.08,368.38
29.07.08,361.78
28.07.08,358.43
25.07.08,351.55
24.07.08,356.60
23.07.08,361.62
22.07.08,364.87
21.07.08,369.66
18.07.08,362.15
17.07.08,363.78
16.07.08,353.82
15.07.08,361.19
14.07.08,375.80
11.07.08,384.31
10.07.08,383.64
09.07.08,390.96
08.07.08,385.62
07.07.08,396.34
04.07.08,392.28
03.07.08,392.36
02.07.08,406.72
01.07.08,403.56
30.06.08,411.22
27.06.08,408.34
26.06.08,411.36
25.06.08,417.42
24.06.08,416.89
23.06.08,420.97
20.06.08,424.80
19.06.08,435.16
18.06.08,435.95
17.06.08,441.61
16.06.08,437.06
13.06.08,430.53
12.06.08,427.09
11.06.08,420.89
10.06.08,425.12
09.06.08,430.59
06.06.08,433.86
05.06.08,427.14
04.06.08,429.89
03.06.08,440.94
02.06.08,437.74
30.05.08,437.62
29.05.08,430.98
28.05.08,433.59
27.05.08,432.60
26.05.08,442.64
23.05.08,455.71
22.05.08,462.70
21.05.08,452.62
20.05.08,446.26
19.05.08,454.07
16.05.08,448.88
15.05.08,442.81
14.05.08,433.16
13.05.08,425.54
09.05.08,427.16
08.05.08,434.52
07.05.08,429.34
06.05.08,416.72
05.05.08,417.72
02.05.08,418.43
30.04.08,405.23
29.04.08,399.86
28.04.08,408.22
25.04.08,398.22
24.04.08,392.97
23.04.08,400.11
22.04.08,399.77
21.04.08,389.80
18.04.08,386.26
17.04.08,380.34
16.04.08,384.85
15.04.08,379.38
14.04.08,370.52
11.04.08,375.13
10.04.08,376.24
09.04.08,375.29
08.04.08,374.75
07.04.08,378.64
04.04.08,370.84
03.04.08,365.64
02.04.08,366.49
01.04.08,363.57
31.03.08,356.72
28.03.08,356.15
27.03.08,352.68
26.03.08,345.92
25.03.08,344.97
19.03.08,341.63
18.03.08,344.64
17.03.08,338.85
14.03.08,351.09
13.03.08,350.78
12.03.08,357.96
11.03.08,356.37
10.03.08,346.80
07.03.08,355.75
06.03.08,363.73
05.03.08,366.46
04.03.08,362.74
03.03.08,361.48
29.02.08,367.78
28.02.08,372.85
27.02.08,373.54
26.02.08,368.07
25.02.08,365.48
22.02.08,365.68
21.02.08,369.39
20.02.08,363.58
19.02.08,367.05
18.02.08,363.35
15.02.08,356.78
14.02.08,359.87
13.02.08,348.85
12.02.08,348.52
11.02.08,334.86
08.02.08,336.45
07.02.08,340.73
06.02.08,346.88
05.02.08,346.13
04.02.08,349.98
01.02.08,344.40
31.01.08,335.47
30.01.08,348.90
29.01.08,350.61
28.01.08,341.31
25.01.08,350.85
24.01.08,338.49
23.01.08,326.27
22.01.08,333.73
21.01.08,324.06
18.01.08,347.11
17.01.08,352.57
16.01.08,354.80
15.01.08,367.49
14.01.08,380.44
11.01.08,377.46
10.01.08,387.97
09.01.08,401.45
08.01.08,412.50
07.01.08,402.98
04.01.08,409.25
03.01.08,418.25
02.01.08,422.59
28.12.07,422.08
27.12.07,419.65
21.12.07,412.88
20.12.07,402.83
19.12.07,403.37
18.12.07,405.34
17.12.07,403.07
14.12.07,411.58
13.12.07,412.74
12.12.07,420.63
11.12.07,419.18
10.12.07,418.32
07.12.07,416.31
06.12.07,424.98
05.12.07,419.75
04.12.07,410.59
03.12.07,417.20
30.11.07,422.60
29.11.07,418.90
28.11.07,417.37
27.11.07,403.99
26.11.07,414.45
23.11.07,407.99
22.11.07,399.43
21.11.07,400.38
20.11.07,407.00
19.11.07,398.12
16.11.07,409.21
15.11.07,414.56
14.11.07,421.97
13.11.07,417.69
12.11.07,422.99
09.11.07,434.03
08.11.07,439.67
07.11.07,440.17
06.11.07,438.93
05.11.07,428.43
02.11.07,430.15
01.11.07,431.91
31.10.07,438.04
30.10.07,432.98
29.10.07,439.35
26.10.07,433.07
25.10.07,429.49
24.10.07,421.63
23.10.07,421.83
22.10.07,412.53
19.10.07,422.80
18.10.07,422.26
17.10.07,429.25
16.10.07,428.64
15.10.07,432.98
12.10.07,429.84
11.10.07,427.70
10.10.07,416.82
09.10.07,415.12
08.10.07,414.04
05.10.07,414.42
04.10.07,412.12
03.10.07,413.40
02.10.07,420.85
01.10.07,425.15
28.09.07,423.13
27.09.07,422.12
26.09.07,421.06
25.09.07,418.53
24.09.07,424.95
21.09.07,423.60
20.09.07,420.39
19.09.07,421.94
18.09.07,408.74
17.09.07,407.17
14.09.07,410.94
13.09.07,412.18
12.09.07,403.91
11.09.07,403.91
10.09.07,397.93
07.09.07,402.43
06.09.07,408.78
05.09.07,406.27
04.09.07,405.89
03.09.07,401.00
31.08.07,399.17
30.08.07,392.01
29.08.07,385.33
28.08.07,383.12
27.08.07,391.24
24.08.07,393.67
23.08.07,392.16
22.08.07,388.94
21.08.07,380.76
20.08.07,386.71
17.08.07,380.67
16.08.07,370.58
15.08.07,386.00
14.08.07,392.89
13.08.07,393.51
10.08.07,386.14
09.08.07,396.84
08.08.07,410.90
07.08.07,397.75
06.08.07,392.44
03.08.07,404.38
02.08.07,412.10
01.08.07,408.98
31.07.07,418.43
30.07.07,411.16
27.07.07,409.95
26.07.07,416.15
25.07.07,427.12
24.07.07,430.25
23.07.07,440.67
20.07.07,440.73
19.07.07,444.12
18.07.07,437.61
17.07.07,437.93
16.07.07,440.41
13.07.07,440.23
12.07.07,438.63
11.07.07,432.64
10.07.07,432.56
09.07.07,435.54
06.07.07,432.75
05.07.07,434.58
04.07.07,434.38
03.07.07,429.85
02.07.07,428.66
29.06.07,426.52
28.06.07,422.34
27.06.07,411.64
26.06.07,417.91
25.06.07,420.04
22.06.07,421.96
21.06.07,423.90
20.06.07,424.54
19.06.07,423.13
18.06.07,423.25
15.06.07,422.22
14.06.07,413.53
13.06.07,402.92
12.06.07,401.87
11.06.07,406.69
08.06.07,402.74
07.06.07,404.04
06.06.07,407.40
05.06.07,414.94
04.06.07,416.87
01.06.07,418.98
31.05.07,414.55
30.05.07,406.97
29.05.07,408.47
25.05.07,411.07
24.05.07,416.25
23.05.07,418.03
22.05.07,414.10
21.05.07,412.61
18.05.07,407.93
16.05.07,400.98
15.05.07,399.68
14.05.07,394.65
11.05.07,393.25
10.05.07,398.13
09.05.07,399.90
08.05.07,400.29
07.05.07,410.87
04.05.07,408.90
03.05.07,405.25
02.05.07,404.25
30.04.07,398.97
27.04.07,396.90
26.04.07,400.79
25.04.07,398.03
24.04.07,395.57
23.04.07,398.03
20.04.07,393.98
19.04.07,387.54
18.04.07,389.16
17.04.07,394.11
16.04.07,394.00
13.04.07,390.18
12.04.07,386.89
11.04.07,390.66
10.04.07,392.37
04.04.07,389.56
03.04.07,389.61
02.04.07,387.24
30.03.07,386.16
29.03.07,386.97
28.03.07,384.41
27.03.07,380.51
26.03.07,384.37
23.03.07,386.91
22.03.07,383.02
21.03.07,381.69
20.03.07,377.81
19.03.07,375.12
16.03.07,368.14
15.03.07,366.65
14.03.07,363.43
13.03.07,370.20
12.03.07,371.30
09.03.07,372.23
08.03.07,374.26
07.03.07,365.98
06.03.07,365.55
05.03.07,361.71
02.03.07,367.86
01.03.07,364.64
28.02.07,369.56
27.02.07,375.97
26.02.07,390.41
23.02.07,386.69
22.02.07,384.44
21.02.07,384.72
20.02.07,385.47
19.02.07,390.60
16.02.07,387.80
15.02.07,389.39
14.02.07,397.84
13.02.07,393.65
12.02.07,389.96
09.02.07,395.36
08.02.07,390.42
07.02.07,394.56
06.02.07,394.58
05.02.07,393.48
02.02.07,392.70
01.02.07,390.24
31.01.07,387.11
30.01.07,385.54
29.01.07,387.63
26.01.07,385.09
25.01.07,383.11
24.01.07,386.87
23.01.07,380.76
22.01.07,380.90
19.01.07,376.63
18.01.07,371.16
17.01.07,368.42
16.01.07,371.96
15.01.07,373.27
12.01.07,362.59
11.01.07,361.95
10.01.07,354.31
09.01.07,359.21
08.01.07,365.33
05.01.07,360.56
04.01.07,361.09
03.01.07,371.06
02.01.07,376.52
29.12.06,371.37
28.12.06,372.13
27.12.06,368.63
22.12.06,366.97
21.12.06,366.44
20.12.06,370.31
19.12.06,365.14
18.12.06,370.13
15.12.06,360.18
14.12.06,356.97
13.12.06,350.32
12.12.06,352.04
11.12.06,349.66
08.12.06,348.61
07.12.06,347.22
06.12.06,347.47
05.12.06,349.70
04.12.06,346.62
01.12.06,345.29
30.11.06,346.45
29.11.06,346.10
28.11.06,338.40
27.11.06,342.79
24.11.06,347.35
23.11.06,347.36
22.11.06,350.42
21.11.06,351.37
20.11.06,347.01
17.11.06,343.85
16.11.06,354.87
15.11.06,352.49
14.11.06,349.96
13.11.06,346.73
10.11.06,346.08
09.11.06,349.62
08.11.06,346.82
07.11.06,346.24
06.11.06,350.11
03.11.06,342.57
02.11.06,337.33
01.11.06,340.68
31.10.06,337.93
30.10.06,335.78
27.10.06,340.09
26.10.06,340.06
25.10.06,333.27
24.10.06,334.67
23.10.06,332.52
20.10.06,336.41
19.10.06,335.41
18.10.06,332.79
17.10.06,328.95
16.10.06,330.38
13.10.06,325.28
12.10.06,319.37
11.10.06,315.52
10.10.06,316.33
09.10.06,313.20
06.10.06,309.83
05.10.06,310.20
04.10.06,304.83
03.10.06,301.67
02.10.06,308.78
29.09.06,309.95
28.09.06,310.27
27.09.06,308.97
26.09.06,303.33
25.09.06,294.26
22.09.06,305.59
21.09.06,306.73
20.09.06,313.74
19.09.06,315.36
18.09.06,314.05
15.09.06,311.20
14.09.06,314.23
13.09.06,315.01
12.09.06,311.11
11.09.06,309.74
08.09.06,321.12
07.09.06,322.06
06.09.06,324.69
05.09.06,332.46
04.09.06,330.82
01.09.06,326.27
31.08.06,321.63
30.08.06,322.45
29.08.06,318.07
28.08.06,321.86
25.08.06,323.92
24.08.06,324.39
23.08.06,326.42
22.08.06,323.63
21.08.06,323.51
18.08.06,317.10
17.08.06,315.50
16.08.06,318.27
15.08.06,317.23
14.08.06,313.59
11.08.06,315.61
10.08.06,316.21
09.08.06,321.05
08.08.06,323.20
07.08.06,323.07
04.08.06,322.09
03.08.06,322.33
02.08.06,327.68
01.08.06,322.99
31.07.06,321.95
28.07.06,321.74
27.07.06,324.68
26.07.06,319.64
25.07.06,319.11
24.07.06,308.71
21.07.06,307.53
20.07.06,313.79
19.07.06,310.65
18.07.06,309.15
17.07.06,314.15
14.07.06,320.21
13.07.06,324.15
12.07.06,328.35
11.07.06,322.31
10.07.06,322.76
07.07.06,325.63
06.07.06,322.30
05.07.06,316.73
04.07.06,323.05
03.07.06,321.03
30.06.06,315.65
29.06.06,314.45
28.06.06,310.95
27.06.06,315.36
26.06.06,307.51
23.06.06,308.78
22.06.06,300.12
21.06.06,295.79
20.06.06,294.70
19.06.06,298.16
16.06.06,297.33
15.06.06,302.32
14.06.06,285.61
13.06.06,284.81
12.06.06,295.64
09.06.06,304.09
08.06.06,297.72
07.06.06,316.05
06.06.06,317.64
02.06.06,327.13
01.06.06,320.22
31.05.06,317.67
30.05.06,317.88
29.05.06,327.00
26.05.06,319.97
24.05.06,307.56
23.05.06,316.71
22.05.06,295.54
19.05.06,310.19
18.05.06,310.84
16.05.06,329.40
15.05.06,329.95
12.05.06,346.90
11.05.06,357.12
10.05.06,355.83
09.05.06,354.49
08.05.06,350.27
05.05.06,353.76
04.05.06,352.24
03.05.06,347.11
02.05.06,344.28
28.04.06,338.62
27.04.06,340.50
26.04.06,349.58
25.04.06,348.55
24.04.06,351.60
21.04.06,347.69
20.04.06,345.58
19.04.06,337.99
18.04.06,335.73
12.04.06,330.31
11.04.06,334.92
10.04.06,335.74
07.04.06,331.12
06.04.06,332.21
05.04.06,328.11
04.04.06,324.98
03.04.06,331.16
31.03.06,328.61
30.03.06,331.34
29.03.06,328.06
28.03.06,323.41
27.03.06,323.83
24.03.06,323.30
23.03.06,320.06
22.03.06,315.71
21.03.06,311.81
20.03.06,316.15
17.03.06,315.79
16.03.06,312.68
15.03.06,309.97
14.03.06,308.43
13.03.06,307.85
10.03.06,305.47
09.03.06,306.43
08.03.06,305.00
07.03.06,308.25
06.03.06,311.01
03.03.06,313.26
02.03.06,310.35
01.03.06,308.96
28.02.06,305.59
27.02.06,309.94
24.02.06,310.67
23.02.06,305.82
22.02.06,303.97
21.02.06,306.16
20.02.06,305.14
17.02.06,300.28
16.02.06,296.72
15.02.06,295.38
14.02.06,290.34
13.02.06,294.38
10.02.06,297.62
09.02.06,297.59
08.02.06,294.09
07.02.06,296.55
06.02.06,301.52
03.02.06,296.53
02.02.06,301.12
01.02.06,301.85
31.01.06,298.32
30.01.06,301.94
27.01.06,298.07
26.01.06,291.62
25.01.06,289.83
24.01.06,289.64
23.01.06,287.04
20.01.06,290.51
19.01.06,286.98
18.01.06,280.55
17.01.06,284.32
16.01.06,285.55
13.01.06,282.46
12.01.06,285.58
11.01.06,281.87
10.01.06,281.95
09.01.06,283.99
06.01.06,283.28
05.01.06,281.47
04.01.06,282.53
03.01.06,280.35
02.01.06,277.95
30.12.05,277.91
29.12.05,277.81
28.12.05,277.31
27.12.05,275.08
23.12.05,275.51
22.12.05,274.95
21.12.05,272.53
20.12.05,271.39
19.12.05,267.61
16.12.05,270.84
15.12.05,273.74
14.12.05,277.96
13.12.05,277.62
12.12.05,275.46
09.12.05,276.59
08.12.05,274.66
07.12.05,276.79
06.12.05,273.04
05.12.05,272.15
02.12.05,271.73
01.12.05,267.86
30.11.05,263.10
29.11.05,262.72
28.11.05,262.20
25.11.05,264.05
24.11.05,260.84
23.11.05,262.26
22.11.05,263.27
21.11.05,259.32
18.11.05,258.09
17.11.05,257.59
16.11.05,252.27
15.11.05,255.80
14.11.05,257.13
11.11.05,254.43
10.11.05,256.52
09.11.05,258.59
08.11.05,257.12
07.11.05,259.71
04.11.05,260.12
03.11.05,260.71
02.11.05,251.46
01.11.05,250.05
31.10.05,253.11
28.10.05,244.37
27.10.05,246.54
26.10.05,249.60
25.10.05,245.82
24.10.05,244.27
21.10.05,237.76
20.10.05,240.22
19.10.05,232.73
18.10.05,240.40
17.10.05,248.17
14.10.05,244.64
13.10.05,248.00
12.10.05,258.34
11.10.05,259.26
10.10.05,257.61
07.10.05,258.11
06.10.05,258.50
05.10.05,269.71
04.10.05,274.24
03.10.05,276.05
30.09.05,274.72
29.09.05,275.56
28.09.05,273.18
27.09.05,270.52
26.09.05,270.17
23.09.05,272.22
22.09.05,275.54
21.09.05,275.08
20.09.05,274.54
19.09.05,272.83
16.09.05,269.33
15.09.05,269.22
14.09.05,266.49
13.09.05,265.21
12.09.05,267.55
09.09.05,265.16
08.09.05,263.88
07.09.05,265.85
06.09.05,267.88
05.09.05,265.44
02.09.05,266.54
01.09.05,268.04
31.08.05,265.17
30.08.05,263.29
29.08.05,262.40
26.08.05,260.99
25.08.05,260.80
24.08.05,261.05
23.08.05,263.33
22.08.05,262.62
19.08.05,259.47
18.08.05,254.86
17.08.05,254.97
16.08.05,256.24
15.08.05,259.68
12.08.05,259.55
11.08.05,259.29
10.08.05,257.86
09.08.05,258.24
08.08.05,255.60
05.08.05,251.74
04.08.05,252.76
03.08.05,255.37
02.08.05,253.22
01.08.05,250.14
29.07.05,250.45
28.07.05,248.71
27.07.05,248.49
26.07.05,248.93
25.07.05,249.17
22.07.05,246.86
21.07.05,244.14
20.07.05,243.53
19.07.05,245.62
18.07.05,244.68
15.07.05,244.80
14.07.05,247.67
13.07.05,247.87
12.07.05,246.89
11.07.05,249.14
08.07.05,249.87
07.07.05,242.62
06.07.05,248.39
05.07.05,243.64
04.07.05,244.02
01.07.05,239.94
30.06.05,238.21
29.06.05,237.46
28.06.05,236.68
27.06.05,233.35
24.06.05,235.80
23.06.05,233.52
22.06.05,230.55
21.06.05,230.89
20.06.05,230.72
17.06.05,230.85
16.06.05,229.14
15.06.05,227.63
14.06.05,228.27
13.06.05,225.72
10.06.05,226.23
09.06.05,223.10
08.06.05,223.43
07.06.05,220.87
06.06.05,219.47
03.06.05,219.41
02.06.05,220.06
01.06.05,218.75
31.05.05,215.61
30.05.05,217.51
27.05.05,216.55
26.05.05,216.35
25.05.05,213.46
24.05.05,213.71
23.05.05,212.55
20.05.05,213.42
19.05.05,211.86
18.05.05,210.50
13.05.05,207.55
12.05.05,210.85
11.05.05,210.93
10.05.05,210.43
09.05.05,211.60
06.05.05,209.90
04.05.05,205.06
03.05.05,205.54
02.05.05,204.36
29.04.05,203.04
28.04.05,202.53
27.04.05,204.90
26.04.05,210.84
25.04.05,214.07
22.04.05,212.74
21.04.05,210.96
20.04.05,210.03
19.04.05,209.43
18.04.05,207.54
15.04.05,213.95
14.04.05,218.67
13.04.05,219.43
12.04.05,219.26
11.04.05,219.04
08.04.05,220.01
07.04.05,219.99
06.04.05,218.66
05.04.05,217.98
04.04.05,217.64
01.04.05,215.40
31.03.05,213.63
30.03.05,211.27
29.03.05,213.23
23.03.05,213.44
22.03.05,216.68
21.03.05,217.42
18.03.05,217.90
17.03.05,218.42
16.03.05,214.57
15.03.05,216.42
14.03.05,215.31
11.03.05,215.79
10.03.05,215.13
09.03.05,217.76
08.03.05,218.28
07.03.05,219.31
04.03.05,219.84
03.03.05,217.43
02.03.05,214.88
01.03.05,216.67
28.02.05,216.75
25.02.05,215.69
24.02.05,213.76
23.02.05,210.67
22.02.05,210.73
21.02.05,211.86
18.02.05,210.74
17.02.05,212.64
16.02.05,210.88
15.02.05,212.27
14.02.05,211.05
11.02.05,210.94
10.02.05,209.40
09.02.05,208.62
08.02.05,208.18
07.02.05,210.13
04.02.05,207.17
03.02.05,204.98
02.02.05,204.97
01.02.05,203.11
31.01.05,201.26
28.01.05,200.86
27.01.05,201.79
26.01.05,201.53
25.01.05,202.13
24.01.05,199.77
21.01.05,200.68
20.01.05,199.14
19.01.05,201.54
18.01.05,202.14
17.01.05,201.72
14.01.05,199.81
13.01.05,198.27
12.01.05,196.74
11.01.05,197.56
10.01.05,198.72
07.01.05,197.11
06.01.05,195.47
05.01.05,194.63
04.01.05,197.32
03.01.05,198.38
30.12.04,197.07
29.12.04,197.22
28.12.04,197.20
27.12.04,198.55
23.12.04,197.78
22.12.04,197.82
21.12.04,198.00
20.12.04,195.87
17.12.04,192.44
16.12.04,193.62
15.12.04,193.12
14.12.04,192.61
13.12.04,191.28
10.12.04,191.62
09.12.04,190.15
08.12.04,189.34
07.12.04,192.33
06.12.04,190.67
03.12.04,189.77
02.12.04,191.72
01.12.04,195.16
30.11.04,194.74
29.11.04,195.02
26.11.04,193.51
25.11.04,193.23
24.11.04,191.84
23.11.04,191.58
22.11.04,189.30
19.11.04,189.78
18.11.04,188.12
17.11.04,186.69
16.11.04,184.68
15.11.04,185.75
12.11.04,185.29
11.11.04,184.41
10.11.04,184.25
09.11.04,185.82
08.11.04,185.85
05.11.04,185.29
04.11.04,183.11
03.11.04,183.79
02.11.04,182.40
01.11.04,181.59
29.10.04,180.01
28.10.04,180.40
27.10.04,181.18
26.10.04,181.55
25.10.04,184.03
22.10.04,187.59
21.10.04,186.54
20.10.04,183.57
19.10.04,186.08
18.10.04,185.55
15.10.04,183.62
14.10.04,185.12
13.10.04,187.62
12.10.04,188.28
11.10.04,190.67
08.10.04,192.15
07.10.04,192.95
06.10.04,191.32
05.10.04,191.63
04.10.04,191.87
01.10.04,188.83
30.09.04,185.28
29.09.04,185.05
28.09.04,184.87
27.09.04,184.21
24.09.04,183.11
23.09.04,181.64
22.09.04,180.98
21.09.04,181.23
20.09.04,179.82
17.09.04,180.81
16.09.04,179.12
15.09.04,176.95
14.09.04,175.96
13.09.04,175.32
10.09.04,175.47
09.09.04,175.03
08.09.04,174.49
07.09.04,175.39
06.09.04,176.15
03.09.04,176.18
02.09.04,175.26
01.09.04,172.86
31.08.04,171.92
30.08.04,173.21
27.08.04,172.65
26.08.04,172.47
25.08.04,171.54
24.08.04,171.42
23.08.04,171.38
20.08.04,169.96
19.08.04,169.77
18.08.04,168.74
17.08.04,169.45
16.08.04,167.74
13.08.04,167.28
12.08.04,165.78
11.08.04,164.26
10.08.04,166.25
09.08.04,164.61
06.08.04,166.01
05.08.04,170.03
04.08.04,172.07
03.08.04,173.01
02.08.04,171.91
30.07.04,170.74
29.07.04,171.24
28.07.04,169.47
27.07.04,168.13
26.07.04,167.68
23.07.04,168.41
22.07.04,167.72
21.07.04,169.26
20.07.04,167.77
19.07.04,167.77
16.07.04,169.85
15.07.04,170.26
14.07.04,169.75
13.07.04,170.70
12.07.04,169.98
09.07.04,171.06
08.07.04,170.82
07.07.04,170.67
06.07.04,173.03
05.07.04,172.72
02.07.04,172.15
01.07.04,174.36
30.06.04,172.94
29.06.04,172.85
28.06.04,172.50
25.06.04,173.24
24.06.04,172.05
23.06.04,170.95
22.06.04,169.18
21.06.04,169.96
18.06.04,170.74
17.06.04,168.20
16.06.04,166.37
15.06.04,165.29
14.06.04,165.01
11.06.04,166.25
10.06.04,165.53
09.06.04,165.56
08.06.04,165.89
07.06.04,164.59
04.06.04,163.05
03.06.04,162.40
02.06.04,162.96
01.06.04,162.35
28.05.04,161.67
27.05.04,161.42
26.05.04,161.11
25.05.04,159.98
24.05.04,159.66
21.05.04,157.83
19.05.04,158.17
18.05.04,156.87
14.05.04,157.50
13.05.04,157.13
12.05.04,155.27
11.05.04,155.79
10.05.04,153.50
07.05.04,158.41
06.05.04,161.02
05.05.04,161.58
04.05.04,159.46
03.05.04,157.80
30.04.04,157.93
29.04.04,159.25
28.04.04,162.75
27.04.04,165.54
26.04.04,166.02
23.04.04,165.90
22.04.04,165.23
21.04.04,166.51
20.04.04,168.40
19.04.04,167.21
16.04.04,167.33
15.04.04,167.48
14.04.04,166.71
13.04.04,169.62
07.04.04,168.14
06.04.04,166.84
05.04.04,168.10
02.04.04,166.42
01.04.04,162.28
31.03.04,162.60
30.03.04,160.61
29.03.04,163.74
26.03.04,162.09
25.03.04,161.25
24.03.04,161.11
23.03.04,161.36
22.03.04,159.31
19.03.04,163.16
18.03.04,163.68
17.03.04,163.37
16.03.04,161.57
15.03.04,160.72
12.03.04,164.31
11.03.04,164.51
10.03.04,168.36
09.03.04,169.99
08.03.04,173.71
05.03.04,172.77
04.03.04,172.13
03.03.04,171.58
02.03.04,172.51
01.03.04,171.71
27.02.04,169.06
26.02.04,166.81
25.02.04,166.26
24.02.04,166.24
23.02.04,167.99
20.02.04,166.35
19.02.04,165.62
18.02.04,160.89
17.02.04,159.00
16.02.04,158.33
13.02.04,158.04
12.02.04,159.83
11.02.04,158.30
10.02.04,156.76
09.02.04,156.28
06.02.04,154.31
05.02.04,154.39
04.02.04,154.58
03.02.04,153.11
02.02.04,153.66
30.01.04,153.75
29.01.04,153.55
28.01.04,152.85
27.01.04,155.17
26.01.04,154.92
23.01.04,155.38
22.01.04,157.27
21.01.04,155.29
20.01.04,155.25
19.01.04,154.29
16.01.04,153.32
15.01.04,151.23
14.01.04,152.09
13.01.04,150.75
12.01.04,150.30
09.01.04,149.32
08.01.04,149.15
07.01.04,148.75
06.01.04,149.29
05.01.04,147.63
02.01.04,145.72
30.12.03,143.61
29.12.03,143.77
23.12.03,142.82
22.12.03,142.07
19.12.03,141.77
18.12.03,141.77
17.12.03,140.01
16.12.03,140.36
15.12.03,141.05
12.12.03,139.55
11.12.03,140.05
10.12.03,139.57
09.12.03,140.43
08.12.03,138.00
05.12.03,138.10
04.12.03,137.72
03.12.03,138.56
02.12.03,138.32
01.12.03,137.45
28.11.03,136.62
27.11.03,136.86
26.11.03,136.36
25.11.03,136.93
24.11.03,136.72
21.11.03,134.76
20.11.03,133.58
19.11.03,133.22
18.11.03,135.01
17.11.03,135.78
14.11.03,138.05
13.11.03,137.98
12.11.03,137.95
11.11.03,137.46
10.11.03,138.68
07.11.03,139.46
06.11.03,137.81
05.11.03,136.34
04.11.03,137.48
03.11.03,137.23
31.10.03,135.68
30.10.03,135.26
29.10.03,132.22
28.10.03,131.55
27.10.03,130.74
24.10.03,129.33
23.10.03,128.88
22.10.03,129.88
21.10.03,130.71
20.10.03,130.66
17.10.03,131.78
16.10.03,131.19
15.10.03,131.64
14.10.03,130.07
13.10.03,129.90
10.10.03,128.28
09.10.03,127.04
08.10.03,125.57
07.10.03,123.93
06.10.03,124.81
03.10.03,124.15
02.10.03,122.73
01.10.03,121.90
30.09.03,119.88
29.09.03,121.25
26.09.03,120.28
25.09.03,122.78
24.09.03,124.84
23.09.03,124.58
22.09.03,124.66
19.09.03,128.00
18.09.03,128.24
17.09.03,129.54
16.09.03,129.18
15.09.03,128.56
12.09.03,127.20
11.09.03,128.55
10.09.03,129.28
09.09.03,131.17
08.09.03,131.48
05.09.03,130.64
04.09.03,131.82
03.09.03,131.17
02.09.03,130.10
01.09.03,130.67
29.08.03,128.97
28.08.03,128.16
27.08.03,127.44
26.08.03,126.98
25.08.03,127.88
22.08.03,129.19
21.08.03,128.45
20.08.03,126.61
19.08.03,127.56
18.08.03,127.74
15.08.03,127.06
14.08.03,125.94
13.08.03,125.60
12.08.03,124.84
11.08.03,123.95
08.08.03,124.42
07.08.03,122.30
06.08.03,122.74
05.08.03,123.91
04.08.03,123.04
01.08.03,123.66
31.07.03,122.62
30.07.03,121.43
29.07.03,122.07
28.07.03,121.05
25.07.03,120.08
24.07.03,120.00
23.07.03,118.32
22.07.03,117.47
21.07.03,117.72
18.07.03,117.84
17.07.03,118.71
16.07.03,119.68
15.07.03,118.59
14.07.03,117.67
11.07.03,115.68
10.07.03,113.53
09.07.03,114.86
08.07.03,115.69
07.07.03,117.01
04.07.03,114.77
03.07.03,114.73
02.07.03,114.25
01.07.03,112.51
30.06.03,113.47
27.06.03,114.54
26.06.03,113.34
25.06.03,112.86
24.06.03,113.28
23.06.03,113.93
20.06.03,113.77
19.06.03,114.66
18.06.03,111.99
17.06.03,112.21
16.06.03,110.88
13.06.03,110.24
12.06.03,111.61
11.06.03,113.04
10.06.03,111.77
06.06.03,112.84
05.06.03,110.33
04.06.03,111.00
03.06.03,108.67
02.06.03,107.69
30.05.03,105.07
28.05.03,104.69
27.05.03,101.59
26.05.03,102.84
23.05.03,103.64
22.05.03,103.29
21.05.03,101.66
20.05.03,103.76
19.05.03,104.21
16.05.03,105.82
15.05.03,104.41
14.05.03,103.45
13.05.03,102.48
12.05.03,102.29
09.05.03,102.31
08.05.03,100.81
07.05.03,102.05
06.05.03,101.53
05.05.03,100.25
02.05.03,99.41
30.04.03,99.38
29.04.03,99.50
28.04.03,95.99
25.04.03,96.62
24.04.03,96.59
23.04.03,97.02
22.04.03,95.28
16.04.03,95.91
15.04.03,94.78
14.04.03,93.68
11.04.03,93.56
10.04.03,93.63
09.04.03,94.09
08.04.03,93.42
07.04.03,94.34
04.04.03,90.84
03.04.03,90.14
02.04.03,89.04
01.04.03,87.63
31.03.03,88.03
28.03.03,89.22
27.03.03,89.14
26.03.03,89.88
25.03.03,89.68
24.03.03,89.07
21.03.03,91.37
20.03.03,89.99
19.03.03,90.63
18.03.03,88.72
17.03.03,87.64
14.03.03,88.28
13.03.03,86.92
12.03.03,85.61
11.03.03,85.16
10.03.03,84.67
07.03.03,85.15
06.03.03,85.86
05.03.03,86.14
04.03.03,86.62
03.03.03,87.83
28.02.03,85.83
27.02.03,83.93
26.02.03,83.15
25.02.03,83.13
24.02.03,85.28
21.02.03,85.92
20.02.03,85.51
19.02.03,87.47
18.02.03,88.69
17.02.03,88.08
14.02.03,87.51
13.02.03,87.77
12.02.03,89.75
11.02.03,90.39
10.02.03,89.33
07.02.03,90.79
06.02.03,90.74
05.02.03,91.97
04.02.03,91.69
03.02.03,92.67
31.01.03,92.66
30.01.03,92.26
29.01.03,91.15
28.01.03,92.93
27.01.03,94.33
24.01.03,98.39
23.01.03,98.49
22.01.03,98.61
21.01.03,100.35
20.01.03,100.79
17.01.03,100.30
16.01.03,101.52
15.01.03,101.08
14.01.03,100.88
13.01.03,101.44
10.01.03,99.35
09.01.03,98.84
08.01.03,98.73
07.01.03,100.60
06.01.03,100.45
03.01.03,101.17
02.01.03,99.79
30.12.02,97.70
27.12.02,98.81
23.12.02,98.97
20.12.02,100.11
19.12.02,100.08
18.12.02,99.30
17.12.02,98.91
16.12.02,98.85
13.12.02,99.64
12.12.02,100.41
11.12.02,100.80
10.12.02,100.07
09.12.02,99.33
06.12.02,99.01
05.12.02,104.38
04.12.02,106.18
03.12.02,106.13
02.12.02,109.09
29.11.02,107.31
28.11.02,105.41
27.11.02,103.25
26.11.02,101.61
25.11.02,102.13
22.11.02,101.84
21.11.02,101.40
20.11.02,99.07
19.11.02,99.82
18.11.02,101.03
15.11.02,100.08
14.11.02,99.60
13.11.02,99.32
12.11.02,98.99
11.11.02,99.18
08.11.02,99.99
07.11.02,101.67
06.11.02,102.15
05.11.02,101.84
04.11.02,102.38
01.11.02,98.99
31.10.02,99.74
30.10.02,98.00
29.10.02,97.96
28.10.02,99.87
25.10.02,99.51
24.10.02,100.53
23.10.02,99.92
22.10.02,101.01
21.10.02,101.86
18.10.02,101.44
17.10.02,103.28
16.10.02,101.09
15.10.02,102.46
14.10.02,99.50
11.10.02,99.41
10.10.02,94.56
09.10.02,94.61
08.10.02,95.28
07.10.02,95.41
04.10.02,96.69
03.10.02,96.71
02.10.02,95.66
01.10.02,94.05
30.09.02,94.16
27.09.02,96.08
26.09.02,96.16
25.09.02,93.43
24.09.02,91.92
23.09.02,95.07
20.09.02,96.21
19.09.02,95.53
18.09.02,99.06
17.09.02,102.37
16.09.02,102.28
13.09.02,102.77
12.09.02,104.89
11.09.02,106.57
10.09.02,105.07
09.09.02,103.87
06.09.02,105.41
05.09.02,103.07
04.09.02,105.62
03.09.02,106.89
02.09.02,110.31
30.08.02,111.23
29.08.02,109.82
28.08.02,112.43
27.08.02,114.84
26.08.02,114.44
23.08.02,115.44
22.08.02,115.72
21.08.02,113.87
20.08.02,112.99
19.08.02,113.00
16.08.02,112.92
15.08.02,113.86
14.08.02,111.73
13.08.02,113.03
12.08.02,111.81
09.08.02,113.64
08.08.02,112.99
07.08.02,111.68
06.08.02,110.64
05.08.02,109.43
02.08.02,113.45
01.08.02,115.22
31.07.02,115.12
30.07.02,113.40
29.07.02,113.13
26.07.02,111.01
25.07.02,110.22
24.07.02,105.52
23.07.02,111.82
22.07.02,115.44
19.07.02,119.92
18.07.02,122.77
17.07.02,122.72
16.07.02,120.01
15.07.02,121.21
12.07.02,121.80
11.07.02,122.69
10.07.02,124.47
09.07.02,126.15
08.07.02,126.61
05.07.02,125.97
04.07.02,123.34
03.07.02,123.63
02.07.02,125.85
01.07.02,126.96
28.06.02,126.00
27.06.02,125.01
26.06.02,120.59
25.06.02,126.83
24.06.02,125.83
21.06.02,128.87
20.06.02,129.54
19.06.02,133.01
18.06.02,134.49
17.06.02,134.34
14.06.02,131.19
13.06.02,135.05
12.06.02,134.85
11.06.02,134.83
10.06.02,132.31
07.06.02,131.43
06.06.02,134.64
05.06.02,133.39
04.06.02,134.29
03.06.02,137.96
31.05.02,138.75
30.05.02,138.70
29.05.02,139.33
28.05.02,142.92
27.05.02,144.14
24.05.02,144.66
23.05.02,145.42
22.05.02,145.70
21.05.02,148.22
16.05.02,149.12
15.05.02,148.17
14.05.02,149.02
13.05.02,146.76
10.05.02,146.94
08.05.02,146.12
07.05.02,143.34
06.05.02,144.51
03.05.02,145.73
02.05.02,146.27
30.04.02,142.07
29.04.02,141.17
26.04.02,142.52
25.04.02,142.97
24.04.02,145.76
23.04.02,145.31
22.04.02,146.30
19.04.02,147.28
18.04.02,148.31
17.04.02,147.89
16.04.02,147.51
15.04.02,146.13
12.04.02,146.22
11.04.02,146.33
10.04.02,146.18
09.04.02,147.28
08.04.02,147.53
05.04.02,148.37
04.04.02,148.06
03.04.02,151.02
02.04.02,150.58
27.03.02,149.71
26.03.02,148.49
25.03.02,148.60
22.03.02,148.77
21.03.02,148.90
20.03.02,147.12
19.03.02,149.10
18.03.02,147.58
15.03.02,146.60
14.03.02,145.84
13.03.02,145.72
12.03.02,145.51
11.03.02,146.14
08.03.02,146.78
07.03.02,143.72
06.03.02,141.09
05.03.02,140.96
04.03.02,139.35
01.03.02,138.25
28.02.02,138.47
27.02.02,139.07
26.02.02,137.25
25.02.02,135.88
22.02.02,135.45
21.02.02,134.23
20.02.02,133.71
19.02.02,134.14
18.02.02,135.15
15.02.02,135.75
14.02.02,136.37
13.02.02,135.79
12.02.02,134.65
11.02.02,134.83
08.02.02,133.99
07.02.02,135.15
06.02.02,135.60
05.02.02,135.42
04.02.02,137.07
01.02.02,137.12
31.01.02,136.90
30.01.02,135.61
29.01.02,137.91
28.01.02,138.08
25.01.02,136.65
24.01.02,137.07
23.01.02,134.94
22.01.02,135.91
21.01.02,135.10
18.01.02,135.20
17.01.02,136.03
16.01.02,134.46
15.01.02,136.32
14.01.02,139.79
11.01.02,140.22
10.01.02,140.33
09.01.02,141.07
08.01.02,140.70
07.01.02,142.64
04.01.02,143.54
03.01.02,142.09
02.01.02,140.64
28.12.01,140.07
27.12.01,139.11
21.12.01,135.33
20.12.01,133.74
19.12.01,131.94
18.12.01,133.04
17.12.01,132.42
14.12.01,134.33
13.12.01,134.31
12.12.01,136.53
11.12.01,135.90
10.12.01,135.87
07.12.01,136.27
06.12.01,136.83
05.12.01,136.88
04.12.01,134.85
03.12.01,133.26
30.11.01,133.77
29.11.01,132.72
28.11.01,132.70
27.11.01,133.13
26.11.01,132.48
23.11.01,131.52
22.11.01,132.17
21.11.01,130.51
20.11.01,131.78
19.11.01,131.25
16.11.01,131.42
15.11.01,131.08
14.11.01,132.67
13.11.01,131.08
12.11.01,127.50
09.11.01,130.83
08.11.01,129.78
07.11.01,128.46
06.11.01,127.36
05.11.01,126.53
02.11.01,123.52
01.11.01,123.67
31.10.01,125.33
30.10.01,125.13
29.10.01,125.67
26.10.01,125.34
25.10.01,122.52
24.10.01,124.12
23.10.01,123.18
22.10.01,121.40
19.10.01,119.82
18.10.01,121.43
17.10.01,123.70
16.10.01,120.96
15.10.01,119.54
12.10.01,121.52
11.10.01,122.56
10.10.01,119.61
09.10.01,118.72
08.10.01,118.06
05.10.01,119.39
04.10.01,121.13
03.10.01,119.71
02.10.01,120.79
01.10.01,120.48
28.09.01,123.00
27.09.01,121.00
26.09.01,120.57
25.09.01,120.21
24.09.01,117.89
21.09.01,112.25
20.09.01,120.26
19.09.01,126.58
18.09.01,131.18
17.09.01,134.24
14.09.01,135.79
13.09.01,138.14
12.09.01,138.52
11.09.01,143.91
10.09.01,143.45
07.09.01,147.35
06.09.01,149.75
05.09.01,150.60
04.09.01,149.42
03.09.01,148.03
31.08.01,148.67
30.08.01,149.18
29.08.01,149.94
28.08.01,151.99
27.08.01,152.09
24.08.01,152.60
23.08.01,151.26
22.08.01,151.95
21.08.01,152.04
20.08.01,151.34
17.08.01,152.87
16.08.01,154.18
15.08.01,154.06
14.08.01,154.85
13.08.01,154.35
10.08.01,153.97
09.08.01,153.64
08.08.01,154.30
07.08.01,154.72
06.08.01,155.07
03.08.01,155.66
02.08.01,156.85
01.08.01,156.55
31.07.01,155.98
30.07.01,156.01
27.07.01,155.26
26.07.01,153.48
25.07.01,152.09
24.07.01,153.71
23.07.01,155.71
20.07.01,154.38
19.07.01,155.06
18.07.01,151.99
17.07.01,153.36
16.07.01,154.46
13.07.01,155.66
12.07.01,158.37
11.07.01,158.59
10.07.01,159.09
09.07.01,160.29
06.07.01,160.40
05.07.01,160.54
04.07.01,161.56
03.07.01,161.41
02.07.01,161.44
29.06.01,159.91
28.06.01,158.36
27.06.01,158.14
26.06.01,158.22
25.06.01,160.29
22.06.01,160.20
21.06.01,159.17
20.06.01,160.55
19.06.01,160.65
18.06.01,159.71
15.06.01,160.07
14.06.01,161.22
13.06.01,164.79
12.06.01,162.27
11.06.01,165.75
08.06.01,168.45
07.06.01,168.50
06.06.01,168.73
05.06.01,169.03
01.06.01,168.21
31.05.01,167.95
30.05.01,167.84
29.05.01,168.97
28.05.01,171.07
25.05.01,171.68
23.05.01,170.02
22.05.01,171.15
21.05.01,171.42
18.05.01,167.16
16.05.01,163.71
15.05.01,164.57
14.05.01,163.27
11.05.01,167.13
10.05.01,166.57
09.05.01,163.68
08.05.01,164.52
07.05.01,164.04
04.05.01,161.78
03.05.01,161.06
02.05.01,163.59
30.04.01,163.43
27.04.01,162.48
26.04.01,160.30
25.04.01,160.15
24.04.01,160.84
23.04.01,159.12
20.04.01,158.66
19.04.01,159.28
18.04.01,159.81
17.04.01,157.97
11.04.01,159.77
10.04.01,157.99
09.04.01,154.57
06.04.01,154.37
05.04.01,155.10
04.04.01,150.84
03.04.01,151.46
02.04.01,154.07
30.03.01,153.67
29.03.01,151.50
28.03.01,152.54
27.03.01,153.78
26.03.01,151.80
23.03.01,148.97
22.03.01,149.05
21.03.01,153.61
20.03.01,155.84
19.03.01,153.97
16.03.01,156.20
15.03.01,158.70
14.03.01,155.98
13.03.01,161.70
12.03.01,164.54
09.03.01,168.25
08.03.01,169.38
07.03.01,169.14
06.03.01,170.26
05.03.01,166.10
02.03.01,162.84
01.03.01,163.04
28.02.01,167.37
27.02.01,168.07
26.02.01,168.39
23.02.01,167.71
22.02.01,168.32
21.02.01,167.20
20.02.01,167.98
19.02.01,167.94
16.02.01,165.59
15.02.01,166.04
14.02.01,166.41
13.02.01,168.54
12.02.01,166.68
09.02.01,169.12
08.02.01,170.65
07.02.01,169.82
06.02.01,170.09
05.02.01,167.39
02.02.01,168.35
01.02.01,167.94
31.01.01,167.52
30.01.01,165.20
29.01.01,163.14
26.01.01,165.09
25.01.01,164.26
24.01.01,165.51
23.01.01,164.54
22.01.01,163.72
19.01.01,165.16
18.01.01,165.77
17.01.01,165.91
16.01.01,162.38
15.01.01,163.97
12.01.01,164.05
11.01.01,163.23
10.01.01,163.70
09.01.01,164.67
08.01.01,166.38
05.01.01,165.82
04.01.01,165.00
03.01.01,161.21
02.01.01,167.64
29.12.00,165.21
28.12.00,165.67
27.12.00,163.75
22.12.00,159.00
21.12.00,154.78
20.12.00,156.71
19.12.00,161.28
18.12.00,160.24
15.12.00,160.42
14.12.00,164.48
13.12.00,167.54
12.12.00,163.66
11.12.00,162.94
08.12.00,160.60
07.12.00,159.38
06.12.00,161.64
05.12.00,160.78
04.12.00,158.80
01.12.00,165.36
30.11.00,164.21
29.11.00,170.04
28.11.00,170.32
27.11.00,173.57
24.11.00,170.91
23.11.00,167.80
22.11.00,165.65
21.11.00,171.34
20.11.00,172.69
17.11.00,174.83
16.11.00,174.07
15.11.00,175.09
14.11.00,177.78
13.11.00,175.66
10.11.00,180.01
09.11.00,183.34
08.11.00,184.34
07.11.00,184.40
06.11.00,186.47
03.11.00,185.10
02.11.00,183.12
01.11.00,181.65
31.10.00,180.98
30.10.00,177.49
27.10.00,179.54
26.10.00,178.08
25.10.00,177.25
24.10.00,179.73
23.10.00,175.86
20.10.00,173.83
19.10.00,173.35
18.10.00,167.12
17.10.00,172.16
16.10.00,174.11
13.10.00,173.18
12.10.00,174.82
11.10.00,175.12
10.10.00,179.37
09.10.00,179.28
06.10.00,181.83
05.10.00,181.13
04.10.00,181.73
03.10.00,184.56
02.10.00,182.08
29.09.00,180.69
28.09.00,179.99
27.09.00,181.02
26.09.00,179.37
25.09.00,179.83
22.09.00,179.40
21.09.00,182.57
20.09.00,184.10
19.09.00,186.98
18.09.00,187.58
15.09.00,187.95
14.09.00,188.77
13.09.00,185.19
12.09.00,186.16
11.09.00,183.74
08.09.00,183.31
07.09.00,182.70
06.09.00,181.70
05.09.00,181.97
04.09.00,183.68
01.09.00,185.57
31.08.00,185.11
30.08.00,182.86
29.08.00,183.51
28.08.00,183.12
25.08.00,185.10
24.08.00,185.55
23.08.00,183.23
22.08.00,180.77
21.08.00,182.61
18.08.00,179.06
17.08.00,178.75
16.08.00,178.55
15.08.00,177.19
14.08.00,177.12
11.08.00,172.76
10.08.00,170.97
09.08.00,172.32
08.08.00,169.80
07.08.00,169.34
04.08.00,169.07
03.08.00,166.56
02.08.00,167.27
01.08.00,167.40
31.07.00,167.02
28.07.00,167.56
27.07.00,166.78
26.07.00,168.27
25.07.00,167.97
24.07.00,168.67
21.07.00,167.69
20.07.00,167.20
19.07.00,166.27
18.07.00,166.10
17.07.00,166.05
14.07.00,166.16
13.07.00,166.30
12.07.00,164.55
11.07.00,162.16
10.07.00,162.27
07.07.00,163.10
06.07.00,161.54
05.07.00,161.08
04.07.00,161.30
03.07.00,161.94
30.06.00,160.88
29.06.00,159.40
28.06.00,160.62
27.06.00,159.67
26.06.00,159.00
23.06.00,158.41
22.06.00,156.84
21.06.00,155.82
20.06.00,157.23
19.06.00,157.97
16.06.00,158.21
15.06.00,156.21
14.06.00,155.96
13.06.00,156.29
09.06.00,155.18
08.06.00,154.15
07.06.00,153.12
06.06.00,152.52
05.06.00,154.35
02.06.00,155.78
31.05.00,152.93
30.05.00,153.48
29.05.00,151.88
26.05.00,152.61
25.05.00,154.43
24.05.00,153.09
23.05.00,155.17
22.05.00,154.77
19.05.00,156.02
18.05.00,159.10
16.05.00,155.70
15.05.00,153.97
12.05.00,153.97
11.05.00,151.46
10.05.00,150.70
09.05.00,152.15
08.05.00,151.28
05.05.00,150.34
04.05.00,150.56
03.05.00,149.36
02.05.00,148.54
28.04.00,146.31
27.04.00,143.09
26.04.00,145.02
25.04.00,143.43
19.04.00,142.55
18.04.00,140.01
17.04.00,137.69
14.04.00,139.48
13.04.00,142.48
12.04.00,144.41
11.04.00,144.35
10.04.00,146.38
07.04.00,146.01
06.04.00,144.49
05.04.00,140.62
04.04.00,147.05
03.04.00,148.04
31.03.00,148.14
30.03.00,144.36
29.03.00,145.83
28.03.00,147.64
27.03.00,147.75
24.03.00,149.13
23.03.00,149.35
22.03.00,148.00
21.03.00,147.39
20.03.00,148.79
17.03.00,148.27
16.03.00,148.38
15.03.00,148.67
14.03.00,151.37
13.03.00,149.70
10.03.00,154.61
09.03.00,155.31
08.03.00,155.96
07.03.00,157.52
06.03.00,152.81
03.03.00,151.84
02.03.00,150.82
01.03.00,150.77
29.02.00,146.07
28.02.00,145.22
25.02.00,146.53
24.02.00,146.88
23.02.00,146.92
22.02.00,144.36
21.02.00,143.46
18.02.00,144.35
17.02.00,143.48
16.02.00,144.12
15.02.00,144.52
14.02.00,145.90
11.02.00,144.98
10.02.00,145.12
09.02.00,143.18
08.02.00,144.77
07.02.00,143.19
04.02.00,143.52
03.02.00,143.20
02.02.00,141.37
01.02.00,139.22
31.01.00,139.54
28.01.00,144.01
27.01.00,144.87
26.01.00,144.89
25.01.00,143.92
24.01.00,147.14
21.01.00,145.54
20.01.00,145.51
19.01.00,145.29
18.01.00,145.73
17.01.00,146.16
14.01.00,146.52
13.01.00,145.84
12.01.00,143.03
11.01.00,146.07
10.01.00,147.38
07.01.00,143.79
06.01.00,141.77
05.01.00,141.41
04.01.00,145.27
03.01.00,149.69
30.12.99,147.12
29.12.99,144.28
28.12.99,145.20
27.12.99,146.53
23.12.99,143.65
22.12.99,141.35
21.12.99,137.28
20.12.99,139.20
17.12.99,140.12
16.12.99,138.74
15.12.99,135.83
14.12.99,136.85
13.12.99,138.22
10.12.99,137.85
09.12.99,137.98
08.12.99,137.10
07.12.99,138.06
06.12.99,137.68
03.12.99,138.49
02.12.99,136.65
01.12.99,134.46
30.11.99,133.38
29.11.99,133.37
26.11.99,132.64
25.11.99,132.09
24.11.99,131.60
23.11.99,133.14
22.11.99,133.85
19.11.99,133.59
18.11.99,134.49
17.11.99,130.39
16.11.99,129.58
15.11.99,128.95
12.11.99,127.44
11.11.99,127.18
10.11.99,126.71
09.11.99,126.26
08.11.99,125.04
05.11.99,126.53
04.11.99,126.14
03.11.99,125.31
02.11.99,123.59
01.11.99,124.32
29.10.99,124.35
28.10.99,125.55
27.10.99,124.76
26.10.99,124.43
25.10.99,122.55
22.10.99,123.40
21.10.99,122.00
20.10.99,125.72
19.10.99,125.25
18.10.99,122.97
15.10.99,123.26
14.10.99,127.93
13.10.99,128.37
12.10.99,128.49
11.10.99,127.60
08.10.99,127.03
07.10.99,128.04
06.10.99,129.05
05.10.99,129.18
04.10.99,129.93
01.10.99,130.35
30.09.99,128.70
29.09.99,126.86
28.09.99,127.74
27.09.99,129.65
24.09.99,129.75
23.09.99,132.55
22.09.99,132.01
21.09.99,133.31
20.09.99,136.12
17.09.99,132.73
16.09.99,133.58
15.09.99,134.51
14.09.99,134.51
13.09.99,133.98
10.09.99,134.26
09.09.99,132.79
08.09.99,130.77
07.09.99,130.83
06.09.99,130.98
03.09.99,130.52
02.09.99,128.06
01.09.99,130.51
31.08.99,128.24
30.08.99,130.64
27.08.99,130.03
26.08.99,129.90
25.08.99,130.09
24.08.99,130.66
23.08.99,131.72
20.08.99,129.20
19.08.99,127.16
18.08.99,127.64
17.08.99,127.75
16.08.99,127.03
13.08.99,125.90
12.08.99,125.20
11.08.99,124.66
10.08.99,123.79
09.08.99,124.40
06.08.99,123.66
05.08.99,122.74
04.08.99,123.37
03.08.99,122.04
02.08.99,122.21
30.07.99,123.37
29.07.99,122.40
28.07.99,124.13
27.07.99,123.91
26.07.99,123.31
23.07.99,124.54
22.07.99,124.84
21.07.99,124.86
20.07.99,125.76
19.07.99,128.68
16.07.99,128.85
15.07.99,127.87
14.07.99,125.96
13.07.99,123.63
12.07.99,125.06
09.07.99,124.29
08.07.99,123.09
07.07.99,122.94
06.07.99,122.61
05.07.99,123.44
02.07.99,121.56
01.07.99,121.77
30.06.99,120.34
29.06.99,120.33
28.06.99,119.73
25.06.99,118.47
24.06.99,120.70
23.06.99,121.41
22.06.99,122.89
21.06.99,122.81
18.06.99,122.76
17.06.99,123.06
16.06.99,123.88
15.06.99,123.31
14.06.99,123.00
11.06.99,123.37
10.06.99,123.68
09.06.99,122.98
08.06.99,122.49
07.06.99,121.85
04.06.99,121.69
03.06.99,122.02
02.06.99,122.83
01.06.99,122.74
31.05.99,121.70
28.05.99,120.62
27.05.99,120.16
26.05.99,120.81
25.05.99,120.61
21.05.99,122.36
20.05.99,121.66
19.05.99,119.95
18.05.99,119.91
14.05.99,119.44
12.05.99,120.86
11.05.99,123.92
10.05.99,123.89
07.05.99,121.79
06.05.99,124.28
05.05.99,125.63
04.05.99,126.06
03.05.99,123.77
30.04.99,122.53
29.04.99,122.23
28.04.99,121.26
27.04.99,122.08
26.04.99,121.80
23.04.99,122.80
22.04.99,122.69
21.04.99,119.04
20.04.99,118.99
19.04.99,120.27
16.04.99,116.02
15.04.99,114.91
14.04.99,113.62
13.04.99,113.40
12.04.99,113.67
09.04.99,113.84
08.04.99,113.46
07.04.99,113.53
06.04.99,113.86
31.03.99,113.67
30.03.99,113.93
29.03.99,113.88
26.03.99,111.60
25.03.99,112.25
24.03.99,110.87
23.03.99,111.98
22.03.99,112.45
19.03.99,113.77
18.03.99,113.11
17.03.99,112.72
16.03.99,112.66
15.03.99,113.34
12.03.99,114.78
11.03.99,112.29
10.03.99,110.71
09.03.99,109.59
08.03.99,109.99
05.03.99,110.64
04.03.99,108.14
03.03.99,108.34
02.03.99,106.48
01.03.99,106.43
26.02.99,106.05
25.02.99,105.96
24.02.99,107.18
23.02.99,107.53
22.02.99,105.90
19.02.99,105.90
18.02.99,106.52
17.02.99,106.18
16.02.99,108.65
15.02.99,108.57
12.02.99,109.31
11.02.99,108.60
10.02.99,109.00
09.02.99,109.88
08.02.99,112.14
05.02.99,112.27
04.02.99,111.92
03.02.99,112.04
02.02.99,111.34
01.02.99,113.28
29.01.99,111.79
28.01.99,109.70
27.01.99,106.47
26.01.99,104.77
25.01.99,105.08
22.01.99,104.70
21.01.99,105.81
20.01.99,106.55
19.01.99,107.39
18.01.99,106.97
15.01.99,105.79
14.01.99,105.12
13.01.99,103.17
12.01.99,108.97
11.01.99,111.31
08.01.99,112.10
07.01.99,108.28
06.01.99,110.30
05.01.99,107.43
04.01.99,106.88
30.12.98,101.70
29.12.98,101.46
28.12.98,102.29
23.12.98,99.47
22.12.98,96.95
21.12.98,94.93
18.12.98,94.36
17.12.98,95.50
16.12.98,95.00
15.12.98,91.41
14.12.98,92.37
11.12.98,95.09
10.12.98,96.00
09.12.98,95.70
08.12.98,97.28
07.12.98,95.66
04.12.98,96.45
03.12.98,96.39
02.12.98,98.18
01.12.98,99.58
30.11.98,104.30
27.11.98,104.97
26.11.98,104.46
25.11.98,103.91
24.11.98,104.75
23.11.98,104.63
20.11.98,102.87
19.11.98,101.60
18.11.98,100.37
17.11.98,101.01
16.11.98,103.10
13.11.98,104.03
12.11.98,103.91
11.11.98,104.99
10.11.98,102.43
09.11.98,103.07
06.11.98,105.45
05.11.98,106.43
04.11.98,110.60
03.11.98,110.04
02.11.98,114.09
30.10.98,110.99
29.10.98,105.96
28.10.98,103.28
27.10.98,106.75
26.10.98,101.30
23.10.98,99.00
22.10.98,100.96
21.10.98,99.01
20.10.98,99.19
19.10.98,95.71
16.10.98,94.31
15.10.98,88.52
14.10.98,86.86
13.10.98,87.03
12.10.98,86.65
09.10.98,81.74
08.10.98,79.96
07.10.98,85.13
06.10.98,88.81
05.10.98,89.92
02.10.98,92.38
01.10.98,93.86
30.09.98,95.07
29.09.98,96.22
28.09.98,95.51
25.09.98,94.37
24.09.98,97.47
23.09.98,96.14
22.09.98,94.15
21.09.98,90.42
18.09.98,95.34
17.09.98,96.66
16.09.98,103.92
15.09.98,103.66
14.09.98,105.52
11.09.98,101.73
10.09.98,102.30
09.09.98,107.21
08.09.98,109.65
07.09.98,105.97
04.09.98,101.76
03.09.98,99.07
02.09.98,103.33
01.09.98,100.97
31.08.98,105.45
28.08.98,106.35
27.08.98,107.95
26.08.98,112.65
25.08.98,118.03
24.08.98,115.62
21.08.98,111.33
20.08.98,116.20
19.08.98,119.61
18.08.98,119.73
17.08.98,117.61
14.08.98,121.77
13.08.98,120.85
12.08.98,122.87
11.08.98,124.35
10.08.98,128.81
07.08.98,130.05
06.08.98,127.88
05.08.98,130.27
04.08.98,133.75
03.08.98,135.47
31.07.98,138.04
30.07.98,139.00
29.07.98,138.91
28.07.98,138.06
27.07.98,139.21
24.07.98,140.05
23.07.98,142.17
22.07.98,143.19
21.07.98,144.25
20.07.98,144.63
17.07.98,144.00
16.07.98,141.62
15.07.98,142.53
14.07.98,141.34
13.07.98,142.43
10.07.98,142.00
09.07.98,141.97
08.07.98,141.45
07.07.98,142.46
06.07.98,141.64
03.07.98,143.35
02.07.98,142.98
01.07.98,143.26
30.06.98,140.17
29.06.98,140.09
26.06.98,139.62
25.06.98,139.17
24.06.98,137.60
23.06.98,136.33
22.06.98,134.96
19.06.98,135.30
18.06.98,134.41
17.06.98,137.41
16.06.98,136.42
15.06.98,134.84
12.06.98,138.38
11.06.98,140.45
10.06.98,140.40
09.06.98,142.63
08.06.98,142.39
05.06.98,139.46
04.06.98,136.21
03.06.98,136.89
02.06.98,139.07
29.05.98,139.20
28.05.98,139.35
27.05.98,139.70
26.05.98,143.63
25.05.98,144.14
22.05.98,144.57
20.05.98,146.09
19.05.98,145.81
18.05.98,147.35
15.05.98,148.79
14.05.98,149.63
13.05.98,150.26
12.05.98,149.50
11.05.98,150.32
08.05.98,149.03
07.05.98,149.04
06.05.98,152.56
05.05.98,151.84
04.05.98,152.37
30.04.98,150.54
29.04.98,149.57
28.04.98,149.96
27.04.98,150.24
24.04.98,154.36
23.04.98,153.66
22.04.98,152.16
21.04.98,151.99
20.04.98,152.06
17.04.98,150.73
16.04.98,151.11
15.04.98,152.08
14.04.98,150.90
08.04.98,150.77
07.04.98,151.38
06.04.98,151.36
03.04.98,149.72
02.04.98,148.43
01.04.98,147.45
31.03.98,146.36
30.03.98,148.01
27.03.98,148.10
26.03.98,146.48
25.03.98,147.16
24.03.98,146.42
23.03.98,146.87
20.03.98,145.12
19.03.98,145.56
18.03.98,144.40
17.03.98,144.66
16.03.98,145.29
13.03.98,145.29
12.03.98,143.84
11.03.98,143.24
10.03.98,142.16
09.03.98,140.28
06.03.98,140.75
05.03.98,137.75
04.03.98,139.91
03.03.98,139.88
02.03.98,139.06
27.02.98,136.56
26.02.98,136.50
25.02.98,134.50
24.02.98,132.99
23.02.98,134.32
20.02.98,134.21
19.02.98,134.40
18.02.98,133.90
17.02.98,135.37
16.02.98,133.02
13.02.98,131.75
12.02.98,131.19
11.02.98,132.99
10.02.98,132.01
09.02.98,134.02
06.02.98,134.37
05.02.98,134.52
04.02.98,133.67
03.02.98,133.98
02.02.98,133.41
30.01.98,130.72
29.01.98,131.01
28.01.98,129.80
27.01.98,129.77
26.01.98,128.30
23.01.98,129.20
22.01.98,128.83
21.01.98,131.41
20.01.98,132.73
19.01.98,130.83
16.01.98,128.48
15.01.98,127.38
14.01.98,127.22
13.01.98,125.27
12.01.98,121.96
09.01.98,128.04
08.01.98,132.25
07.01.98,133.97
06.01.98,135.71
05.01.98,138.50
02.01.98,137.82
30.12.97,134.79
29.12.97,132.32
23.12.97,130.31
22.12.97,129.44
19.12.97,131.18
18.12.97,132.47
17.12.97,133.71
16.12.97,133.85
15.12.97,133.93
12.12.97,135.31
11.12.97,135.09
10.12.97,137.19
09.12.97,137.76
08.12.97,136.90
05.12.97,134.23
04.12.97,133.31
03.12.97,131.30
02.12.97,132.47
01.12.97,132.50
28.11.97,132.29
27.11.97,131.76
26.11.97,130.05
25.11.97,130.08
24.11.97,132.35
21.11.97,135.12
20.11.97,134.99
19.11.97,134.87
18.11.97,135.30
17.11.97,134.47
14.11.97,133.20
13.11.97,134.76
12.11.97,134.21
11.11.97,137.21
10.11.97,137.66
07.11.97,138.12
06.11.97,139.67
05.11.97,139.45
04.11.97,138.75
03.11.97,140.29
31.10.97,138.62
30.10.97,139.50
29.10.97,142.82
28.10.97,136.00
27.10.97,143.88
24.10.97,146.73
23.10.97,146.05
22.10.97,148.94
21.10.97,149.37
20.10.97,146.80
17.10.97,146.91
16.10.97,148.31
15.10.97,145.99
14.10.97,146.56
13.10.97,146.47
10.10.97,144.55
09.10.97,144.48
08.10.97,144.79
07.10.97,145.44
06.10.97,144.24
03.10.97,143.68
02.10.97,141.61
01.10.97,140.95
30.09.97,141.13
29.09.97,140.41
26.09.97,140.04
25.09.97,139.76
24.09.97,139.12
23.09.97,138.86
22.09.97,139.62
19.09.97,139.03
18.09.97,138.83
17.09.97,138.15
16.09.97,137.80
15.09.97,137.55
12.09.97,137.91
11.09.97,138.76
10.09.97,139.48
09.09.97,140.15
08.09.97,139.66
05.09.97,139.69
04.09.97,139.09
03.09.97,139.03
02.09.97,139.26
01.09.97,137.80
29.08.97,136.13
28.08.97,134.78
27.08.97,134.31
26.08.97,134.36
25.08.97,135.26
22.08.97,135.31
21.08.97,137.08
20.08.97,137.07
19.08.97,137.30
18.08.97,136.23
15.08.97,138.43
14.08.97,139.89
13.08.97,140.85
12.08.97,143.21
11.08.97,142.35
08.08.97,142.64
07.08.97,143.71
06.08.97,142.45
05.08.97,140.86
04.08.97,139.21
01.08.97,138.61
31.07.97,138.97
30.07.97,137.91
29.07.97,136.20
28.07.97,136.90
25.07.97,136.77
24.07.97,137.03
23.07.97,137.31
22.07.97,134.46
21.07.97,133.35
18.07.97,134.94
17.07.97,136.92
16.07.97,137.49
15.07.97,135.33
14.07.97,134.43
11.07.97,134.53
10.07.97,133.32
09.07.97,133.68
08.07.97,134.47
07.07.97,134.59
04.07.97,134.26
03.07.97,133.46
02.07.97,132.05
01.07.97,130.79
30.06.97,129.28
27.06.97,129.18
26.06.97,128.52
25.06.97,127.68
24.06.97,127.14
23.06.97,126.45
20.06.97,126.58
19.06.97,126.68
18.06.97,125.79
17.06.97,126.63
16.06.97,126.84
13.06.97,128.14
12.06.97,127.28
11.06.97,126.96
10.06.97,128.16
09.06.97,128.76
06.06.97,127.47
05.06.97,126.21
04.06.97,127.54
03.06.97,127.95
02.06.97,127.51
30.05.97,125.74
29.05.97,126.96
28.05.97,127.30
27.05.97,126.99
26.05.97,127.28
23.05.97,125.75
22.05.97,124.66
21.05.97,123.91
20.05.97,121.73
16.05.97,121.44
15.05.97,120.56
14.05.97,121.05
13.05.97,120.77
12.05.97,120.65
09.05.97,120.34
07.05.97,119.99
06.05.97,119.68
05.05.97,119.66
02.05.97,118.01
30.04.97,118.45
29.04.97,118.69
28.04.97,116.94
25.04.97,117.06
24.04.97,118.54
23.04.97,119.16
22.04.97,119.08
21.04.97,118.05
18.04.97,115.97
17.04.97,115.50
16.04.97,115.56
15.04.97,115.66
14.04.97,113.83
11.04.97,114.35
10.04.97,115.26
09.04.97,115.77
08.04.97,114.60
07.04.97,114.48
04.04.97,111.14
03.04.97,111.37
02.04.97,111.38
01.04.97,111.49
26.03.97,114.95
25.03.97,114.55
24.03.97,113.19
21.03.97,113.27
20.03.97,112.16
19.03.97,115.03
18.03.97,116.50
17.03.97,117.68
14.03.97,118.49
13.03.97,117.94
12.03.97,118.15
11.03.97,118.91
10.03.97,118.29
07.03.97,117.68
06.03.97,117.33
05.03.97,115.26
04.03.97,114.91
03.03.97,112.94
28.02.97,113.50
27.02.97,114.53
26.02.97,115.15
25.02.97,116.50
24.02.97,116.21
21.02.97,119.76
20.02.97,120.74
19.02.97,120.46
18.02.97,118.53
17.02.97,116.51
14.02.97,115.70
13.02.97,114.45
12.02.97,112.87
11.02.97,111.99
10.02.97,112.91
07.02.97,113.34
06.02.97,112.72
05.02.97,112.37
04.02.97,112.93
03.02.97,112.99
31.01.97,112.06
30.01.97,111.24
29.01.97,110.85
28.01.97,111.34
27.01.97,110.90
24.01.97,111.47
23.01.97,112.23
22.01.97,111.11
21.01.97,110.53
20.01.97,111.45
17.01.97,109.58
16.01.97,109.60
15.01.97,108.72
14.01.97,108.98
13.01.97,108.91
10.01.97,107.69
09.01.97,108.64
08.01.97,108.63
07.01.97,107.19
06.01.97,107.16
03.01.97,105.37
02.01.97,103.17
30.12.96,103.32
27.12.96,102.59
23.12.96,100.63
20.12.96,100.46
19.12.96,98.97
18.12.96,98.15
17.12.96,97.72
16.12.96,99.27
13.12.96,98.60
12.12.96,99.49
11.12.96,99.08
10.12.96,101.20
09.12.96,100.36
06.12.96,98.75
05.12.96,101.23
04.12.96,100.35
03.12.96,101.27
02.12.96,100.19
29.11.96,98.91
28.11.96,98.05
27.11.96,97.55
26.11.96,98.44
25.11.96,98.56
22.11.96,98.74
21.11.96,97.95
20.11.96,98.01
19.11.96,97.71
18.11.96,97.01
15.11.96,96.83
14.11.96,95.62
13.11.96,95.29
12.11.96,95.39
11.11.96,95.37
08.11.96,94.92
07.11.96,94.37
06.11.96,94.65
05.11.96,94.58
04.11.96,93.91
01.11.96,93.95
31.10.96,92.90
30.10.96,93.01
29.10.96,93.00
28.10.96,93.94
25.10.96,93.31
24.10.96,93.84
23.10.96,93.01
22.10.96,94.10
21.10.96,94.68
18.10.96,94.98
17.10.96,95.08
16.10.96,94.93
15.10.96,95.42
14.10.96,94.37
11.10.96,94.13
10.10.96,93.73
09.10.96,94.14
08.10.96,93.61
07.10.96,93.03
04.10.96,92.73
03.10.96,91.63
02.10.96,91.45
01.10.96,90.55
30.09.96,89.65
27.09.96,90.47
26.09.96,90.40
25.09.96,89.80
24.09.96,89.72
23.09.96,89.68
20.09.96,89.92
19.09.96,89.51
18.09.96,89.18
17.09.96,89.71
16.09.96,90.12
13.09.96,89.77
12.09.96,89.28
11.09.96,88.65
10.09.96,89.19
09.09.96,89.06
06.09.96,88.48
05.09.96,88.46
04.09.96,88.48
03.09.96,87.04
02.09.96,87.92
30.08.96,87.37
29.08.96,88.10
28.08.96,87.97
27.08.96,87.47
26.08.96,87.65
23.08.96,88.11
22.08.96,88.17
21.08.96,87.59
20.08.96,87.18
19.08.96,87.22
16.08.96,87.31
15.08.96,86.75
14.08.96,86.27
13.08.96,86.25
12.08.96,86.46
09.08.96,87.21
08.08.96,87.41
07.08.96,87.22
06.08.96,86.80
05.08.96,86.46
02.08.96,86.50
01.08.96,85.35
31.07.96,84.76
30.07.96,85.57
29.07.96,86.14
26.07.96,85.92
25.07.96,86.00
24.07.96,85.36
23.07.96,86.96
22.07.96,86.42
19.07.96,87.01
18.07.96,86.42
17.07.96,87.03
16.07.96,87.20
15.07.96,88.98
12.07.96,89.25
11.07.96,90.25
10.07.96,90.39
09.07.96,89.86
08.07.96,88.91
05.07.96,89.65
04.07.96,90.11
03.07.96,89.59
02.07.96,89.73
01.07.96,89.14
28.06.96,88.18
27.06.96,87.74
26.06.96,88.38
25.06.96,87.73
24.06.96,89.61
21.06.96,88.71
20.06.96,88.84
19.06.96,89.20
18.06.96,89.68
17.06.96,89.79
14.06.96,89.75
13.06.96,90.06
12.06.96,90.31
11.06.96,90.11
10.06.96,89.94
07.06.96,88.33
06.06.96,89.30
05.06.96,88.99
04.06.96,89.06
03.06.96,88.33
31.05.96,88.61
30.05.96,88.22
29.05.96,88.40
28.05.96,87.93
24.05.96,87.46
23.05.96,87.37
22.05.96,86.94
21.05.96,87.18
20.05.96,86.33
15.05.96,86.31
14.05.96,86.67
13.05.96,86.59
10.05.96,86.28
09.05.96,85.70
08.05.96,85.32
07.05.96,86.27
06.05.96,86.42
03.05.96,87.18
02.05.96,87.84
30.04.96,87.90
29.04.96,88.60
26.04.96,88.52
25.04.96,87.67
24.04.96,86.93
23.04.96,86.59
22.04.96,86.20
19.04.96,85.37
18.04.96,85.00
17.04.96,84.37
16.04.96,84.26
15.04.96,84.90
12.04.96,84.37
11.04.96,83.85
10.04.96,83.28
09.04.96,82.00
03.04.96,81.49
02.04.96,81.45
01.04.96,80.83
29.03.96,80.47
28.03.96,80.79
27.03.96,81.43
26.03.96,81.22
25.03.96,81.68
22.03.96,81.64
21.03.96,81.62
20.03.96,81.48
19.03.96,82.29
18.03.96,82.07
15.03.96,81.25
14.03.96,81.32
13.03.96,81.05
12.03.96,81.05
11.03.96,80.79
08.03.96,81.09
07.03.96,81.80
06.03.96,81.77
05.03.96,81.88
04.03.96,81.90
01.03.96,81.50
29.02.96,79.92
28.02.96,80.14
27.02.96,80.56
26.02.96,80.86
23.02.96,81.42
22.02.96,81.03
21.02.96,80.07
20.02.96,78.94
19.02.96,78.91
16.02.96,79.92
15.02.96,79.69
14.02.96,79.77
13.02.96,79.52
12.02.96,79.15
09.02.96,79.04
08.02.96,79.11
07.02.96,79.10
06.02.96,78.65
05.02.96,78.53
02.02.96,78.94
01.02.96,78.25
31.01.96,77.86
30.01.96,77.17
29.01.96,77.30
26.01.96,77.51
25.01.96,77.87
24.01.96,77.98
23.01.96,77.84
22.01.96,78.22
19.01.96,78.47
18.01.96,78.49
17.01.96,77.90
16.01.96,78.06
15.01.96,78.40
12.01.96,79.29
11.01.96,79.52
10.01.96,78.79
09.01.96,79.91
08.01.96,80.34
05.01.96,79.41
04.01.96,79.71
03.01.96,79.76
02.01.96,77.99
